claim_id	employee_id	employee_name	department	submitter_id	amount	date	provider	service_code	timestamp	status	is_duplicate
CLAIM000274	EMP0274	Brian Webster	Operations	094075c5-4e00-43e4-867f-f2c2c5959141	11343.89	4/28/24	Reese Ltd	SVC001	11/9/24 10:55	Approved	TRUE
CLAIM000442	EMP0442	Debbie Brown	IT	933b3670-461f-4801-a305-4addb149454c	2184.93	7/26/23	Harper, Peters and Massey	SVC001	3/30/24 2:30	Approved	FALSE
CLAIM000391	EMP0391	Julie Pham	HR	96f70b9b-4ddd-4643-9f31-05fddc09e2c2	15652.72	2/24/25	Miranda-Higgins	SVC001	3/6/25 2:49	Approved	FALSE
CLAIM000038	EMP0038	Thomas Cox	Operations	374dad65-8839-47c5-8235-64a9e6fec11c	14876.6	11/7/23	Wong, Williams and Mclean	SVC001	9/22/23 20:36	Approved	FALSE
CLAIM000345	EMP0345	Jason Clark	HR	0dbdc43f-6782-4cfe-84e1-90dd0158835c	15805.88	9/24/23	Pope, Dickson and Johnson	SVC003	1/9/25 16:07	Paid	FALSE
CLAIM000098	EMP0098	Katherine Barron	Marketing	85748398-45fc-46de-9d98-037d2d73290f	2288.2	9/29/24	Turner Group	SVC001	2/20/24 5:30	Submitted	FALSE
CLAIM000046	EMP0046	Jason Keller	IT	4d8c77ac-7e4d-4b66-9fc9-f7b62bdea6d4	380.53	7/16/23	Weiss and Sons	SVC002	1/15/24 22:18	Submitted	FALSE
CLAIM000223	EMP0223	Lindsey Dillon	HR	4f37aaa3-4ae1-4a7d-a2f5-46d92ad11a7b	13663.42	9/26/24	Nolan, Smith and Casey	SVC004	12/28/24 6:35	Paid	FALSE
CLAIM000086	EMP0086	James Price	Operations	1c8939f3-511d-411d-a884-c08b7442bb09	17882.83	5/15/24	Dunn-Ray	SVC001	9/6/24 5:29	Approved	FALSE
CLAIM000007	EMP0007	Bruce Hayes	HR	178eb5f6-50b4-4ab4-a3f0-e221433dc905	19629.43	6/13/23	Thomas-Williams	SVC001	8/10/23 11:33	Approved	FALSE
CLAIM000181	EMP0181	Mary Morales	Operations	22fd0791-3bc0-4372-a2f5-8dd46e5a7484	13292.56	4/2/24	Cross PLC	SVC003	8/12/24 6:14	Approved	FALSE
CLAIM000293	EMP0293	Richard Lewis	Marketing	5d3477bc-cbd6-43b3-a9e3-4b88d7d59f41	3232.24	2/11/24	Kim, Murray and Martinez	SVC001	3/18/25 20:00	Approved	FALSE
CLAIM000540	EMP0540	Annette Edwards	IT	db56ad6b-84e9-4034-817c-8337c0cd837a	14384.19	11/11/23	Barnes LLC	SVC001	1/8/25 15:24	Paid	FALSE
CLAIM000262	EMP0262	Colin Jimenez	HR	13532315-078d-4de4-b60a-77615a1caa93	3221.23	11/29/24	Hines, Jones and Hobbs	SVC003	3/25/24 20:11	Submitted	FALSE
CLAIM000605	EMP0605	David Estrada	IT	927b8b3b-8309-4718-a25f-7eb245502865	18205.97	11/26/24	Jackson, Miller and Hayes	SVC004	3/23/24 11:23	Approved	FALSE
CLAIM000210	EMP0210	Seth Williams	HR	f75e9db2-86ec-4dca-ac3e-7e6ee1d9e7f2	17679.87	6/15/23	Sparks-Riley	SVC002	6/24/23 6:45	Paid	TRUE
CLAIM000649	EMP0649	Michael Taylor	Finance	e4cbc3e4-76bf-41dd-8c57-593875bd7f06	15318.65	5/4/24	Robertson, Maldonado and Tran	SVC003	3/8/24 19:39	Approved	FALSE
CLAIM000595	EMP0595	Autumn Page	Marketing	84ace867-a974-4a32-a305-de3ef38aa698	12440.13	12/10/23	Ware, Hayes and Jones	SVC002	9/18/24 2:34	Submitted	FALSE
CLAIM000053	EMP0053	Steven Powell	Marketing	887496c8-3f57-413a-b865-9ecf21d01e46	15385.47	6/18/24	Hill and Sons	SVC002	12/26/24 20:10	Paid	FALSE
CLAIM000176	EMP0176	Ashley Lynn	HR	911e0134-6f55-40ea-bd57-0922461dfc54	612.48	8/9/24	Meyer-King	SVC004	2/18/25 20:42	Paid	FALSE
CLAIM000286	EMP0286	Stephen Walters	HR	1f8b7f61-059b-45c4-867f-ef0e2c63e227	8182.8	8/14/23	Donaldson PLC	SVC002	3/15/24 22:03	Paid	FALSE
CLAIM000555	EMP0555	Scott Gilmore	Operations	9b3d95c1-3a25-44db-98d9-faf717369305	8249.46	6/28/24	Gross, Walker and Gutierrez	SVC002	5/1/25 14:03	Approved	FALSE
CLAIM000045	EMP0045	Michael Duncan	Finance	a13972cc-8af6-45d5-9e7e-47fbdfb03a7b	19114.15	11/18/23	Jackson Group	SVC001	5/11/24 0:42	Paid	FALSE
CLAIM000629	EMP0629	Cynthia Harrison	IT	85d4a5c1-dbe5-496d-9172-030f37013f96	8622.82	11/4/23	Peterson, Wong and Lewis	SVC003	6/24/24 13:55	Paid	FALSE
CLAIM000018	EMP0018	Andrea Davila	Operations	c7506737-8160-48be-92b1-51d42c7abe72	17063.96	1/21/24	Brown, Vasquez and Cooper	SVC004	12/22/24 0:05	Submitted	FALSE
CLAIM000400	EMP0400	Calvin Hernandez	Finance	fd4ccb59-bff7-4350-8eec-44acdcecc9cc	18468.14	4/13/25	Johnson-Arnold	SVC004	10/9/24 19:49	Approved	FALSE
CLAIM000558	EMP0558	Rachel Ross	IT	f6fb992b-d4eb-447a-90c9-6cca65124e1b	10791.59	9/22/24	Chapman, Evans and Logan	SVC004	3/21/25 12:56	Submitted	FALSE
CLAIM000317	EMP0317	Debra Melendez	IT	eb3766b1-092f-4465-94e6-fc8543942a7a	613	11/27/23	Bishop, Day and Price	SVC001	4/17/24 13:29	Approved	FALSE
CLAIM000042	EMP0042	William Yoder	Marketing	33a87be1-45f8-4a7f-936a-ec6067d949bf	2183.11	1/8/25	Whitney-Strickland	SVC001	9/26/23 18:23	Submitted	TRUE
CLAIM000409	EMP0409	Richard Mcdonald	Operations	02c76f58-9025-43c4-83b0-19dee81d512f	18935.25	6/18/23	Perry, Shelton and Gomez	SVC001	4/27/25 8:06	Submitted	FALSE
CLAIM000458	EMP0458	Crystal Cowan	Marketing	34704cd0-5723-4b91-b200-a2774501e120	619.75	11/4/23	Williams, Johnson and Williams	SVC001	1/15/24 6:10	Submitted	FALSE
CLAIM000177	EMP0177	Allen Bailey	Marketing	a5dbf2f1-3217-40de-b16d-fc85945d6b00	19121.22	2/17/24	Riley-Gardner	SVC001	10/22/24 5:53	Submitted	FALSE
CLAIM000671	EMP0671	Richard Brown	IT	07e4bf4e-2bf2-42ba-a3df-bb2c74d25d4d	18849.74	4/16/24	Bell and Sons	SVC003	10/16/23 12:28	Submitted	FALSE
CLAIM000109	EMP0109	Leslie Henderson	IT	a263446a-c1b4-49a1-8533-faf15b3feb26	13125.86	3/3/24	Smith, Bates and Martinez	SVC004	6/14/23 3:56	Submitted	FALSE
CLAIM000431	EMP0431	Kara Hubbard	HR	4a715b97-37f6-4b2f-ba27-6aa495b5ed87	254.59	6/3/23	Johnson, Smith and Gonzales	SVC004	4/9/25 16:44	Paid	TRUE
CLAIM000576	EMP0576	Matthew Huang	IT	49d856d6-c26c-421a-b45f-2a28fecfaf34	13519.5	2/13/25	Thomas, Miller and Medina	SVC001	8/29/24 10:31	Submitted	FALSE
CLAIM000080	EMP0080	Stephanie Doyle	HR	918d5dd3-4625-4017-8a45-a791a2a20b8f	2999.2	6/6/23	Jones and Sons	SVC003	3/18/24 22:53	Submitted	FALSE
CLAIM000272	EMP0272	Nicolas Benitez	Marketing	f609a159-9e40-4683-8ce8-2b0cd4cd6818	10819.9	12/23/24	Berger, Pollard and Alexander	SVC001	7/23/24 1:48	Paid	FALSE
CLAIM000668	EMP0668	Courtney Harris	Marketing	e798af6d-5843-47de-875d-d1793f57cde4	2448.58	9/9/23	Ali, Lane and Baird	SVC002	8/20/24 20:39	Approved	FALSE
CLAIM000411	EMP0411	Brandi Smith	IT	49e47fb6-af2c-466f-af75-0bdff81f01f0	10442.41	3/21/25	Roy-Lucero	SVC004	9/19/23 12:29	Approved	FALSE
CLAIM000395	EMP0395	Anna Bryant	Finance	76cb78c5-d91a-4c1a-bc54-eaec418630f3	6049.7	8/19/24	Church-Moore	SVC004	11/30/24 8:32	Paid	FALSE
CLAIM000281	EMP0281	Kayla Sanders	Marketing	211510e6-fc2f-448f-a522-3b85252ed9a9	9209.95	5/19/24	Smith, Wise and Lawson	SVC001	6/25/23 14:12	Approved	FALSE
CLAIM000612	EMP0612	William Cox	IT	3467fb6f-459b-4065-8b9e-f903328e70cf	1196.88	5/2/24	Holmes-Rose	SVC002	12/5/23 16:16	Approved	FALSE
CLAIM000352	EMP0352	Paula Melton	Marketing	0ca93b3b-0b28-466a-840e-f565127ed228	14024.33	5/2/24	Wallace, Garcia and Sims	SVC002	3/5/25 8:38	Approved	FALSE
CLAIM000656	EMP0656	Gina Thomas	Operations	e1754bc2-cd75-4ee0-8300-b80317b59a78	12412.79	5/31/24	Ortiz, Oneal and Banks	SVC003	1/1/24 10:06	Submitted	TRUE
CLAIM000271	EMP0271	Alicia Taylor	Finance	44c36be7-1017-4391-b010-1d556d743b0c	12072.63	12/7/23	Copeland, Quinn and Simmons	SVC003	10/9/24 8:31	Approved	FALSE
CLAIM000632	EMP0632	Stephen Price	HR	e6689017-4747-446d-977b-a87e68a3e919	3594.01	5/2/24	Blair Ltd	SVC003	10/10/23 15:18	Approved	FALSE
CLAIM000697	EMP0697	Sherry Becker	Operations	6ce0257a-ef0c-4fad-9b2a-33c7e15ba6e8	8045.97	9/17/23	Hamilton-Hill	SVC004	8/17/23 9:23	Submitted	FALSE
CLAIM000139	EMP0139	Amanda Kent	Operations	a586252d-8646-415c-81dd-019a7a233df3	4613.1	10/22/24	Silva, Park and Decker	SVC003	12/10/23 16:59	Submitted	FALSE
CLAIM000539	EMP0539	Jean Cooper	Marketing	2de48de5-cb70-4492-a3d4-fbb6e1f45c47	9167.29	2/17/24	Hendrix-Rodriguez	SVC002	10/22/24 10:37	Approved	FALSE
CLAIM000470	EMP0470	Alex Pittman	Marketing	575331f4-4b7e-44f3-8bbc-6dad74320b1a	12151.96	8/23/24	Bender, Anderson and Cook	SVC002	3/17/24 2:35	Submitted	FALSE
CLAIM000647	EMP0647	Melissa George	Finance	ef8d8795-7fb7-479f-8e43-edd63f9b7ca1	14162.96	4/15/24	Page PLC	SVC004	10/8/24 1:28	Submitted	FALSE
CLAIM000149	EMP0149	Jessica Johnson	IT	fa486dab-9da9-476b-b043-646daf9b304f	2002.07	6/16/23	Harris-Esparza	SVC003	6/7/23 17:39	Paid	FALSE
CLAIM000593	EMP0593	Mark Reed	IT	1473ae62-9027-4690-8d36-736ff403bdd8	569.1	12/13/24	Green Inc	SVC002	10/13/23 14:22	Approved	FALSE
CLAIM000436	EMP0436	Daniel Hansen	Marketing	d8dc4eba-78b2-4d63-b63d-02842517273a	12282.41	6/18/23	Cooper, Price and Santana	SVC002	6/10/24 8:53	Submitted	FALSE
CLAIM000553	EMP0553	Patrick Lynn	Operations	b9e9a487-b2cc-4e0c-86b6-c651ef3cfbf0	17784.24	3/13/25	Delgado-Booker	SVC002	7/31/23 8:26	Paid	FALSE
CLAIM000219	EMP0219	Steven Oliver	HR	6b659bfe-3bac-4363-9c48-3cdaab724144	17280.25	10/13/24	Keller-Olson	SVC001	9/16/23 15:37	Submitted	FALSE
CLAIM000501	EMP0501	Kathryn Donaldson	HR	3e318b9e-7b66-417f-8683-af25a23a9821	587.16	2/3/25	Carter, Gillespie and Richards	SVC004	4/16/25 23:19	Paid	FALSE
CLAIM000055	EMP0055	Susan Velez	Operations	cebe2d54-d2db-40b8-af6a-83cdcd0a74d5	19761.35	9/28/24	Johnson-Rogers	SVC004	1/18/25 22:22	Paid	FALSE
CLAIM000136	EMP0136	Patrick Mendoza	Operations	5158f280-c11a-4a6b-8105-9db4b04a2ecc	2445.38	11/11/24	Gates PLC	SVC004	7/16/24 19:24	Paid	FALSE
CLAIM000071	EMP0071	Dawn Davis	IT	96ae3145-befc-4c2b-a75e-464e35675b0b	13412.31	8/2/24	Baldwin, Copeland and Walsh	SVC003	6/18/23 5:59	Approved	FALSE
CLAIM000248	EMP0248	Matthew Carpenter	Marketing	ba89b3e7-9788-432b-8f05-f5f4656b617c	13291.65	2/20/24	Sherman, Howard and Kemp	SVC004	4/7/25 1:44	Submitted	FALSE
CLAIM000258	EMP0258	Katie Gray	HR	e615f8e8-77d4-40a2-9362-8c28ea40c22a	3664.91	4/24/25	Barrett, Berry and Brooks	SVC001	2/26/25 11:41	Approved	FALSE
CLAIM000541	EMP0541	Eric Fry	Operations	b2ed2c2f-d9f2-4f82-bc1f-a8a52b11ffc0	6475.76	3/20/25	Wilson-Crawford	SVC001	4/23/24 23:22	Approved	FALSE
CLAIM000564	EMP0564	Jonathan Stanley	IT	42d24a40-e5ef-4c23-88af-d3c460d124da	6067.54	2/27/25	Buck-Thompson	SVC003	10/31/24 2:40	Paid	FALSE
CLAIM000385	EMP0385	James Johnson	HR	eaaf22fc-d750-49d8-b040-44dc6ba2188c	19986.17	6/4/23	Luna, Wilson and Brown	SVC002	1/22/24 14:11	Paid	FALSE
CLAIM000356	EMP0356	Duane Anderson	Finance	7b64f362-b397-4c7d-8e24-77e9277075d8	5337.86	10/24/23	Wilson-Fleming	SVC001	12/11/24 9:38	Approved	FALSE
CLAIM000240	EMP0240	Brett Turner	Marketing	0c2ac56d-2448-42bb-a9b5-035982a8a9e0	3249.02	1/11/24	Mcdowell and Sons	SVC004	8/21/23 13:51	Approved	FALSE
CLAIM000622	EMP0622	Brenda Stanton	Finance	ca41f60d-46a9-4372-b3bc-f340e3b1c3b1	11246.65	9/22/23	Hendricks-Thomas	SVC004	11/24/24 18:06	Paid	FALSE
CLAIM000417	EMP0417	Stephanie Morgan	Finance	5ba14cc5-9711-4d66-9ed4-93e1fe5f51ca	7940.96	4/30/24	Poole and Sons	SVC002	4/2/25 13:20	Paid	FALSE
CLAIM000209	EMP0209	Jay Willis	IT	dda777d3-8991-4ca7-8fc7-d4f6a7cebfa0	13017.51	5/10/24	Sparks, Simmons and Miller	SVC004	5/23/24 15:29	Paid	FALSE
CLAIM000401	EMP0401	Richard Moran	Operations	660e5815-999b-4e67-be5a-912230bdb833	11351.47	11/19/23	Sanchez Ltd	SVC003	3/5/25 0:00	Paid	FALSE
CLAIM000475	EMP0475	Kenneth French	Marketing	d4b08656-95c9-45b4-975d-982c4d40913c	17505.42	4/4/24	Reese, Ferguson and Le	SVC004	3/8/24 5:36	Submitted	FALSE
CLAIM000427	EMP0427	Philip Turner	Operations	9b5f5fb2-271a-4874-8103-2e16200ca4ce	17327.47	10/26/23	Johnson PLC	SVC001	12/28/24 4:19	Approved	FALSE
CLAIM000407	EMP0407	Nancy Key	Operations	b39667d8-c285-4075-a02c-0e9e15fed28b	4128.08	1/16/24	Levine-Taylor	SVC003	4/15/25 2:37	Paid	FALSE
CLAIM000451	EMP0451	Tricia Baker	Marketing	43913d74-61d3-42c2-b992-60aede54aced	19760.99	2/7/24	Clark-Parsons	SVC002	9/22/24 11:18	Submitted	FALSE
CLAIM000026	EMP0026	Shari Washington	HR	71457ad7-74cc-405b-9f97-7b12978289f0	4525.95	5/6/25	Reilly, Dawson and David	SVC003	11/5/23 13:38	Paid	FALSE
CLAIM000492	EMP0492	John Lowery	Operations	a7f5e162-f01f-4e33-827b-bb4ebcdf6819	17109.49	8/29/24	Lee-Gonzalez	SVC004	12/6/24 9:38	Approved	FALSE
CLAIM000565	EMP0565	Heidi Ibarra	Finance	21ee45b6-7152-4d96-a28f-d5f2446b3429	14694.9	4/13/25	Crawford-Jones	SVC004	12/30/23 18:13	Approved	FALSE
CLAIM000195	EMP0195	Mrs. Melissa Mclean	Operations	0ce41e54-d3b1-4a1e-b55c-c5ae275a94c9	18853.78	1/14/25	Roberts-Clark	SVC003	12/15/23 15:36	Approved	FALSE
CLAIM000163	EMP0163	Amber Howard	Marketing	6e0e0864-fcae-49cc-aa26-141bcfce17b2	13956.47	11/25/24	Gonzales, Mcclure and Johnson	SVC003	6/24/24 20:01	Approved	FALSE
CLAIM000489	EMP0489	Tyler Williams	IT	06c194e3-ea75-4a77-8d8f-5d2b62ae8f84	4379.24	1/12/24	Craig, Fuentes and Lopez	SVC003	2/25/25 14:44	Paid	FALSE
CLAIM000694	EMP0694	John Romero	IT	19fb0149-da51-48fb-9853-8f87fb90e345	4728.38	8/26/23	Ford PLC	SVC001	3/25/24 20:47	Submitted	FALSE
CLAIM000654	EMP0654	Amber Mcdaniel	IT	ce2d4183-7989-4594-8bb0-351ce679572a	9610.53	12/23/24	Steele-Carter	SVC002	7/6/24 8:55	Submitted	FALSE
CLAIM000110	EMP0110	Laura Bradley	Marketing	c0a07af4-54c8-4ef1-a0e2-325a82b4a0ac	11155.03	4/15/24	Small PLC	SVC003	2/14/24 6:28	Submitted	FALSE
CLAIM000653	EMP0653	Pamela Cooper	Marketing	caf02fed-e26f-4fc5-874d-8cbb2450581c	11528.91	9/1/24	Bray and Sons	SVC003	4/25/24 1:37	Submitted	FALSE
CLAIM000419	EMP0419	Robert Morgan	IT	011482ec-6e85-419a-8383-6989fab57400	16725.35	3/21/24	Brown PLC	SVC002	6/22/23 6:22	Approved	FALSE
CLAIM000478	EMP0478	Mary Downs	Operations	ad547a1f-cf20-42f6-bf66-93cd37606f20	16948.38	3/7/25	Farmer and Sons	SVC003	3/9/24 9:37	Submitted	FALSE
CLAIM000245	EMP0245	Beth Coleman	Finance	4134abd1-aba2-4d74-9948-79662aa46676	4357.15	12/17/24	Walker, Jones and Holt	SVC003	10/11/23 18:07	Approved	FALSE
CLAIM000631	EMP0631	Rebecca Lee	Marketing	9058997f-d024-4992-894a-97448a355527	19774.11	2/28/24	Juarez, Jones and Baird	SVC003	11/9/24 0:29	Paid	FALSE
CLAIM000519	EMP0519	Amy Rogers	Operations	57dd0916-42f5-423b-8802-dcff47f2b663	19972.17	7/7/23	Nelson LLC	SVC003	9/8/24 7:41	Paid	FALSE
CLAIM000468	EMP0468	Aaron Clayton	Finance	0e7f2970-8a2a-4d17-bf78-649710d498ec	15598.31	6/11/23	Miller, Nguyen and Stevens	SVC002	10/17/24 15:19	Approved	FALSE
CLAIM000198	EMP0198	Catherine Miller	HR	27c707d1-1ae9-4919-af8c-f5961766fcff	1044.99	10/7/24	Floyd-Joyce	SVC001	5/20/24 17:50	Paid	FALSE
CLAIM000483	EMP0483	Timothy Welch	IT	6682b3f0-fd69-4215-902c-27fcd76a6048	5267.73	3/11/24	Hall LLC	SVC001	1/25/25 4:26	Submitted	FALSE
CLAIM000386	EMP0386	Alicia Jones	Operations	62da1835-acd8-4bc9-bdf9-65d4eef92751	10142.49	8/4/24	Cummings-Mason	SVC004	10/23/24 1:23	Paid	FALSE
CLAIM000415	EMP0415	Tyler Valentine	IT	cf361dda-576d-458d-a658-ab9ca692c112	19712.61	2/25/24	Mosley, Johnson and Saunders	SVC002	9/29/24 22:49	Approved	FALSE
CLAIM000546	EMP0546	Anna Ortiz	Finance	67070096-11fc-452d-b11a-dde62b65d83d	7829.95	6/22/24	Reid-Campbell	SVC002	4/30/25 3:17	Submitted	FALSE
CLAIM000633	EMP0633	Kelly Woodard	HR	467387e8-f118-4371-bbea-b9e6b2d60376	15172.1	4/20/24	Le, Spencer and Davis	SVC002	8/24/23 0:57	Paid	TRUE
CLAIM000152	EMP0152	Casey Meyer	Marketing	5f97b749-bfd4-4e64-a744-bda88bd91fc2	8960.16	5/5/24	Ochoa-Perry	SVC001	6/17/24 12:05	Paid	FALSE
CLAIM000304	EMP0304	Jeffrey Jenkins	Operations	bbb18c12-f512-490b-95d6-0f5087a1c495	1235.32	7/29/23	Joseph, Ford and Brooks	SVC004	2/24/25 8:36	Approved	FALSE
CLAIM000363	EMP0363	Betty Baker	Operations	ed1fed4d-29f0-403f-b7dd-9874ec42942e	17802.16	4/10/25	Ingram, Olsen and Mills	SVC002	6/24/23 23:09	Approved	FALSE
CLAIM000418	EMP0418	Larry Mcclure	Finance	2edc6d1f-88f1-4661-8bbc-1b787dfc108a	6857.11	4/29/24	Gallagher-Powell	SVC003	10/10/23 6:51	Approved	FALSE
CLAIM000491	EMP0491	Troy Miller	Marketing	cfc286ce-2d67-4263-a5fe-2a30f745d380	4813.51	12/25/23	Savage Group	SVC004	2/3/24 7:56	Submitted	FALSE
CLAIM000623	EMP0623	Kiara Thomas DDS	HR	6335a28f-06c2-422a-8241-8afe473c1e8f	10438.02	2/2/25	Hunter-Davis	SVC003	3/2/25 5:59	Approved	FALSE
CLAIM000095	EMP0095	Kelly Wolf	Operations	c0b390a7-d784-4f5d-82d7-0944a5a3e257	19218.99	3/4/25	Meyer, Cunningham and Delgado	SVC001	2/12/25 5:33	Approved	FALSE
CLAIM000116	EMP0116	Timothy Vaughn	Operations	aac1c323-d6c7-47bb-bdfd-a61a010dcbae	17656.05	6/7/24	Watkins LLC	SVC003	3/27/25 0:18	Paid	FALSE
CLAIM000459	EMP0459	Barbara Baker	HR	07cc8ebe-dbae-4e14-9dd2-ecbc5b2864b6	16086.78	10/5/23	Garcia, Peterson and Powell	SVC002	7/31/23 12:01	Approved	FALSE
CLAIM000316	EMP0316	Michael Moore	IT	b1b07dd7-3ab6-4da6-9fb6-182c593c5311	17297.22	4/3/25	Huff-Gomez	SVC002	10/30/23 18:10	Approved	FALSE
CLAIM000238	EMP0238	Dr. Keith Franklin	Operations	d40767b1-afa0-4651-864c-0deae056ae02	9577.05	1/25/25	Mccoy LLC	SVC002	11/9/24 22:01	Approved	FALSE
CLAIM000329	EMP0329	Marie Bishop	Marketing	4ae60638-267f-487d-9b96-4a68f954e23c	12916.25	11/8/24	Castillo, Stevens and Brown	SVC001	11/12/23 13:03	Paid	FALSE
CLAIM000580	EMP0580	Katherine Boyd	Operations	da32360a-51f1-4635-8bd0-d5fa6f3d9bbe	18712.78	8/17/23	Smith, Butler and Baker	SVC001	3/31/25 11:53	Paid	TRUE
CLAIM000354	EMP0354	Tiffany Gray	Marketing	12976d0c-6a6d-4993-961f-04aaefadc335	1749.19	5/13/25	Peters, Walker and Newton	SVC001	11/14/24 6:35	Paid	FALSE
CLAIM000404	EMP0404	Aaron Mcdonald	Finance	cc92b018-a3e4-455c-a3e1-86656e8ed0a7	3933.13	8/27/23	Becker Inc	SVC003	1/11/25 7:09	Approved	FALSE
CLAIM000206	EMP0206	Michael Paul	IT	6a91e289-b4d7-4d9c-b117-e78b76ac686b	15535.3	9/25/23	Edwards Group	SVC002	6/25/23 13:30	Paid	FALSE
CLAIM000138	EMP0138	Melissa Anderson	HR	4ba15d2e-9b3e-405e-bfd2-9da56f138bb1	14040.76	5/9/24	Ramos Ltd	SVC002	11/25/24 2:32	Paid	FALSE
CLAIM000205	EMP0205	Megan Williamson	Marketing	3a0d0398-c8bb-4a11-86cc-7105688850c8	14067.22	1/11/25	Church, Miller and Ramsey	SVC003	3/30/24 12:53	Approved	FALSE
CLAIM000383	EMP0383	William Pearson	IT	763a511a-c5a2-42cb-a020-21b952f1087e	18212.26	3/10/25	Levy LLC	SVC003	5/6/24 7:14	Approved	FALSE
CLAIM000689	EMP0689	Amy Beck	IT	fcd2ebb6-fbf6-4ac5-a60f-730e754f1343	7594.91	7/31/24	Hamilton, Weaver and Kirby	SVC002	5/15/24 10:11	Submitted	FALSE
CLAIM000342	EMP0342	Edward Watts	Finance	948736dd-02a5-4b51-a54a-fb488eab2606	5165.93	9/30/23	Ortega LLC	SVC001	1/2/25 17:31	Paid	FALSE
CLAIM000090	EMP0090	Christopher Holmes	Marketing	ff0b1eca-ea62-4b16-9b68-94778e9dca2f	3131.02	7/18/23	Thompson, Oliver and Weaver	SVC002	11/26/24 2:28	Approved	FALSE
CLAIM000469	EMP0469	Elizabeth Shannon	Finance	990e2382-818e-4a9a-8893-301e4b8d0305	9802.26	2/22/24	Collins, Lara and Wong	SVC001	11/29/24 23:37	Paid	FALSE
CLAIM000319	EMP0319	Dr. Gary Gutierrez	HR	908e013a-5bc9-4659-bbe3-75e27d191c33	6050.22	2/16/24	Scott, Gray and Williams	SVC004	5/1/24 15:35	Approved	FALSE
CLAIM000075	EMP0075	Ryan Moore	IT	d9214e32-8676-42c0-a76b-ddcf4015da08	10492.92	3/4/25	Russell PLC	SVC001	4/5/24 19:14	Approved	FALSE
CLAIM000628	EMP0628	Sally Moore	Finance	f13934c8-0174-490c-8f00-36a2deb80348	2057.96	1/6/24	Wilson-Preston	SVC004	7/19/24 14:30	Approved	FALSE
CLAIM000667	EMP0667	Erika Fleming	Marketing	0f3777e6-4db4-4d55-9809-44ec1500ef5c	11890.38	2/26/24	Ray, Stewart and Soto	SVC001	11/15/23 13:21	Approved	FALSE
CLAIM000331	EMP0331	Cathy Singleton	Finance	1dcc44a2-122f-480d-9630-424edd7f19d0	2764.59	4/17/24	Valdez, Walters and Johnson	SVC003	10/26/24 1:34	Approved	FALSE
CLAIM000312	EMP0312	Madeline Mills	HR	2931ddc9-750e-4712-86dc-14cf905eec94	14971.12	9/5/23	Ramirez Group	SVC004	10/26/23 5:45	Approved	FALSE
CLAIM000471	EMP0471	Walter Miles	HR	ac2d40d1-d15a-4ded-8610-489a1154320e	14064.68	6/9/24	Walker-Bailey	SVC001	2/25/24 14:36	Submitted	FALSE
CLAIM000252	EMP0252	Dr. William Coleman III	Operations	b65af62f-fa0b-436a-ad2f-04a8df255581	12795.56	6/6/23	Fernandez, Manning and Berger	SVC001	12/21/24 10:03	Paid	FALSE
CLAIM000298	EMP0298	Alexandria Moore	IT	3593f873-9aa2-410a-a4ac-6a0684692fb6	13922.03	5/11/25	Brown, Gillespie and Newman	SVC001	12/22/23 0:54	Approved	FALSE
CLAIM000268	EMP0268	Sara Carroll	Finance	3d2e39da-a915-4c1d-b79f-82664e2a4d9e	5603.7	11/15/23	Miller, Dorsey and Meza	SVC003	12/22/23 15:10	Submitted	FALSE
CLAIM000334	EMP0334	Robin Turner	IT	1d4c01fa-25e1-4932-ba58-3b03ed0c4e69	6883.38	6/4/24	White-Dominguez	SVC003	1/27/24 14:13	Submitted	FALSE
CLAIM000550	EMP0550	Emily Summers	Finance	f7f79fb7-0a7b-4116-8c34-c58becacc6b9	13621	10/8/23	Todd, Payne and Harmon	SVC001	4/26/24 12:42	Approved	FALSE
CLAIM000494	EMP0494	Melissa Garcia	HR	afd51c80-321a-44af-8290-017e1f58c509	10317.29	4/6/24	Thompson, Jones and Vargas	SVC002	9/8/24 16:06	Approved	FALSE
CLAIM000689	EMP0689	Amy Beck	IT	fcd2ebb6-fbf6-4ac5-a60f-730e754f1343	7594.91	7/31/24	Hamilton, Weaver and Kirby	SVC002	5/15/24 10:11	Submitted	TRUE
CLAIM000598	EMP0598	Maria Camacho	HR	1b931d54-09e5-44e9-8337-3cb98fdaa052	18291.3	8/28/24	Silva and Sons	SVC001	9/17/23 2:21	Approved	FALSE
CLAIM000392	EMP0392	Jeremiah Jackson	Operations	a71505b6-152f-4bb5-9917-9c1dcad10b68	4933.37	7/23/23	Hancock-Richardson	SVC001	2/20/25 22:26	Approved	FALSE
CLAIM000065	EMP0065	Amy Allen	Marketing	369871bc-76eb-4b1c-b99d-e0fb67ab55dc	10115.94	1/16/24	Chambers-Ibarra	SVC001	8/22/23 14:52	Approved	FALSE
CLAIM000493	EMP0493	Tiffany Fisher	Finance	941c3582-1d76-46ec-9655-e59f24436fe6	1769.63	3/10/25	Mcmillan, Turner and Hernandez	SVC002	5/9/25 6:33	Paid	FALSE
CLAIM000227	EMP0227	Robyn Mills	HR	3f393f55-3f89-43c4-80aa-c5b0ec005ba8	4269.94	7/6/24	Mccall-Bennett	SVC002	4/25/25 8:49	Approved	FALSE
CLAIM000432	EMP0432	Michael Lee	HR	7aa40fd9-c6cc-4ad4-8c54-a0b71b5d3b6c	14505.35	4/16/24	Payne LLC	SVC002	6/2/24 2:25	Submitted	FALSE
CLAIM000450	EMP0450	David Watkins	HR	eb272e5d-9e2c-46b9-8f50-600a18de3a21	6640.64	5/15/24	Wilson-Jones	SVC004	12/23/23 23:28	Approved	FALSE
CLAIM000570	EMP0570	Gary Schmitt	HR	aa88e2f2-7e32-4627-bb96-0c1a27035489	1105.94	8/24/24	Burke and Sons	SVC003	6/4/24 9:58	Approved	FALSE
CLAIM000594	EMP0594	Kristopher Hoover	Marketing	3cef8082-3689-4dbb-bf7a-6fd8fb3b92c6	11315.16	6/15/24	Reed PLC	SVC001	11/21/23 16:28	Submitted	FALSE
CLAIM000165	EMP0165	Abigail Cohen	HR	216cdac0-aa62-42d1-b1d3-2adb28495cd4	19838.08	12/19/24	James-Coleman	SVC002	4/3/25 4:34	Submitted	FALSE
CLAIM000287	EMP0287	Laura Lewis	Marketing	9ca0cbe3-b801-4ec6-a315-69e25b8abb4f	7191.06	1/13/25	Santiago, Mcconnell and Sullivan	SVC002	12/3/23 2:56	Submitted	FALSE
CLAIM000260	EMP0260	Nathan Sullivan	Marketing	553d9018-b8e4-4092-8a28-65302ae5a68a	15640.05	1/31/24	Holt Inc	SVC004	3/17/25 6:42	Paid	FALSE
CLAIM000554	EMP0554	William Middleton	Operations	b102b4f5-22ed-4976-8c1a-b71dd5e645b2	17786.79	3/4/24	Young Inc	SVC004	9/8/23 14:42	Paid	FALSE
CLAIM000250	EMP0250	Darren Lawrence	HR	da14e272-3da8-48f7-b5c4-a2b27731cffd	1448.36	12/12/23	Gray-Tran	SVC001	1/15/25 9:41	Approved	FALSE
CLAIM000185	EMP0185	Leslie Smith	HR	d8d720e1-a89c-4ea3-af53-4eaf1765a0af	1236.59	12/20/24	Carpenter-Hampton	SVC001	12/24/24 21:58	Paid	FALSE
CLAIM000575	EMP0575	Allen Stewart	Finance	98315137-e264-4d5f-a7ba-2efb38089101	8080.43	3/12/25	Austin-Scott	SVC002	7/29/24 12:24	Paid	FALSE
CLAIM000175	EMP0175	Crystal Fleming	IT	4bc4e3c6-dea5-4591-ae32-69b1ccc87ed6	7232.7	9/20/24	Rodgers and Sons	SVC002	12/4/24 22:15	Paid	FALSE
CLAIM000189	EMP0189	Philip Hernandez	Operations	75761296-8c7f-4ac5-b6ca-ba39a0d0ed2d	3691.3	5/27/24	Callahan, Jenkins and Frazier	SVC002	8/18/24 22:41	Submitted	FALSE
CLAIM000051	EMP0051	Hunter Quinn	Operations	f31e1f6c-1ff5-4e97-b064-359725b2f06b	1423.86	5/22/24	Christian-Martinez	SVC003	11/19/23 2:30	Approved	FALSE
CLAIM000559	EMP0559	Michele Gardner	Operations	aa6da4fa-a240-4826-bfb9-e945211096ff	12777.17	1/22/24	James, Harris and Alvarado	SVC001	2/18/25 7:19	Submitted	FALSE
CLAIM000600	EMP0600	Harold Nunez	Operations	38d4ff17-d968-45e4-9c37-e5417619031a	16462.71	2/21/25	Zimmerman Group	SVC002	11/3/24 10:57	Submitted	FALSE
CLAIM000680	EMP0680	Sharon Smith	IT	934d2c60-37bf-4afb-bb47-7cd6d1ceeb18	11645.09	11/24/24	Miller and Sons	SVC004	3/20/24 14:23	Submitted	FALSE
CLAIM000069	EMP0069	Joseph Shaw	Finance	96849c9a-7e0e-47be-8857-4f1f255eaa6d	8472.75	5/25/24	Smith-Garcia	SVC004	10/16/24 0:58	Paid	FALSE
CLAIM000201	EMP0201	Sandra Taylor	Marketing	7e4fc39d-0f9b-4eed-b847-3c2297fedb85	1992.67	11/7/24	White Ltd	SVC001	8/8/23 22:53	Approved	FALSE
CLAIM000049	EMP0049	Sara Wilson	Finance	1fcc73e5-63cf-4df2-a33a-0f037fe4329b	16524.22	2/16/24	Black-Arnold	SVC002	10/29/24 13:01	Approved	FALSE
CLAIM000353	EMP0353	Jeffrey Stewart	Finance	af5c3e5c-0a06-40d9-a153-d40fd401b037	2222.37	5/20/24	Thomas and Sons	SVC002	9/12/24 17:36	Paid	FALSE
CLAIM000620	EMP0620	Mrs. Sara Salazar MD	HR	24a6232a-ea9c-45c6-a7ca-cac17542af28	880.23	10/11/23	Wilson and Sons	SVC002	9/29/24 1:10	Approved	FALSE
CLAIM000446	EMP0446	Adrienne Davis	Operations	ac652b4a-09c3-4f32-82e2-8edd4d6d6084	19881.1	10/27/24	Harris-Martin	SVC001	1/17/24 7:51	Paid	FALSE
CLAIM000028	EMP0028	Ana Combs	Operations	1e27f72e-ed2a-4792-8248-5ed25f4397de	16806.45	3/31/25	Stevenson PLC	SVC003	6/24/24 14:56	Submitted	FALSE
CLAIM000370	EMP0370	Erin Terry	Finance	edd15adc-fb31-4395-9241-1670264cd140	12167.62	7/20/24	Martin PLC	SVC002	9/11/23 12:50	Submitted	FALSE
CLAIM000117	EMP0117	Marcus Estrada	HR	0bc31134-f726-4682-91db-3e020ab9843d	12867.24	8/28/23	Blankenship-Merritt	SVC001	8/14/23 22:07	Submitted	TRUE
CLAIM000660	EMP0660	Aaron Walton	HR	9fd236ad-abcf-4d4b-9955-6a375d43d110	7257.68	10/24/23	Thomas LLC	SVC003	2/6/25 5:47	Submitted	FALSE
CLAIM000068	EMP0068	Charles Rowland	HR	c7223c5e-9608-4885-8704-cc8e825b0464	4495.81	5/6/25	Davis, Baker and Thompson	SVC002	9/21/24 13:25	Approved	FALSE
CLAIM000091	EMP0091	Bianca Smith	Operations	e2681309-a99e-4204-8ac7-06f755faef19	18456.06	2/14/25	Mueller and Sons	SVC003	12/19/23 13:07	Approved	FALSE
CLAIM000673	EMP0673	Jose Powers	HR	56c63290-b167-44a9-9587-ccf009adcb33	15837.88	2/7/24	Woods-Robinson	SVC003	7/28/23 6:46	Paid	FALSE
CLAIM000326	EMP0326	Mark Kelly	HR	8111af39-d746-4e1d-909b-165dcca4ad06	6344.74	10/21/24	Parker Inc	SVC002	3/18/24 8:03	Submitted	TRUE
CLAIM000009	EMP0009	Cassandra Harper	IT	17231599-8aa0-4eb3-bdcb-267bc78cf46b	4930.82	10/30/23	Wyatt, Galloway and Mitchell	SVC002	9/24/23 13:40	Approved	FALSE
CLAIM000435	EMP0435	Mrs. Sarah Garcia	Marketing	c8336963-230c-4dda-a715-a0a30ebeec63	7394.07	6/16/23	Flores-Henry	SVC003	1/17/24 14:12	Approved	FALSE
CLAIM000642	EMP0642	Brandy Moss	Operations	fec2bc78-e47a-4527-ae00-02978bd222be	19980.3	9/8/24	Graves, Neal and Joseph	SVC003	7/1/24 0:21	Approved	FALSE
CLAIM000276	EMP0276	Michelle Johnson	Finance	2f1cf3b8-fd28-43b7-b6e7-1cb34d71838a	14232.35	10/25/24	Adkins Ltd	SVC002	6/18/24 18:57	Paid	FALSE
CLAIM000025	EMP0025	Ashley Smith	HR	bd92c3b0-14d8-40e3-9df6-3c5457009720	14213.56	7/18/24	Ortega, Price and Green	SVC001	3/2/24 14:21	Approved	FALSE
CLAIM000103	EMP0103	Lisa Green	Operations	71071dd0-f33f-4ea4-81eb-07092b5d6064	9567.57	12/30/24	Martinez, Munoz and Cooper	SVC002	1/28/25 11:13	Submitted	FALSE
CLAIM000083	EMP0083	Elaine Weeks	Marketing	e2661642-24b2-4c36-a7f4-9a890a75820f	904.9	8/8/23	Phelps, Sharp and Wilson	SVC003	7/12/24 18:13	Approved	FALSE
CLAIM000213	EMP0213	William Anderson	Finance	5deb74f4-5180-4f5c-a9e0-526ccf42d3f3	3356.57	2/19/25	Lee-Kelly	SVC003	6/30/24 9:25	Paid	FALSE
CLAIM000367	EMP0367	Larry Mills	Finance	6343bcd4-161b-44d9-9189-7c6f303666c3	2249.52	6/11/23	Powell, Bennett and Lane	SVC002	7/10/24 20:05	Submitted	FALSE
CLAIM000524	EMP0524	Phillip Johnson	Finance	3c14bce2-d10f-4eae-b5da-56ac0160b345	989.4	1/25/25	Gibson-Pratt	SVC001	9/29/23 12:01	Paid	FALSE
CLAIM000314	EMP0314	Brandi Russell	Finance	203613e9-7c85-41ae-867c-cc2728b96aea	7474.84	3/21/25	Jordan, Walker and Ortiz	SVC003	6/3/24 7:38	Paid	FALSE
CLAIM000482	EMP0482	Nathan Dawson	Operations	84678917-5b68-421f-a08b-d1b4df9634a4	19071.05	1/22/25	Martin-Jones	SVC002	3/26/24 20:14	Paid	FALSE
CLAIM000054	EMP0054	Miss Kathleen Page	Marketing	bdd76b73-3eae-4bd8-a028-69150bfc3673	14825.05	5/11/24	Stewart-Mcdowell	SVC001	2/10/24 8:41	Paid	FALSE
CLAIM000597	EMP0597	Kristin Rodriguez	IT	2b374a57-be03-4cd8-bc5f-54931770d968	19097.41	1/17/24	Johns, Diaz and Molina	SVC001	10/30/24 2:13	Submitted	FALSE
CLAIM000241	EMP0241	Steven Carroll	Finance	a013ae68-35b5-4e81-a430-ad73ccec5a97	19120.69	4/25/24	Liu, Salas and Collins	SVC001	9/9/23 13:15	Submitted	FALSE
CLAIM000178	EMP0178	Deborah Burke	HR	199646c0-3bf3-4a08-b015-314e5ab49d99	6667.42	9/7/23	Campbell, Cline and Lee	SVC004	5/28/24 2:35	Submitted	FALSE
CLAIM000030	EMP0030	Paul Lester	IT	db658ed2-5748-4ff8-bb04-a45a860e9928	1131.78	4/29/25	Wilson PLC	SVC001	10/2/23 23:20	Paid	FALSE
CLAIM000556	EMP0556	Bruce Price	Marketing	a9621517-ac17-4aea-8092-40df7dfa964a	6531.28	10/6/24	Mills-Abbott	SVC001	9/3/23 12:15	Paid	FALSE
CLAIM000368	EMP0368	Julia Ingram	IT	67f441db-47f4-4698-8111-ce65c85e0d7d	11653.39	5/14/25	Davis Inc	SVC003	7/11/24 4:13	Paid	FALSE
CLAIM000518	EMP0518	Sandra Watson	HR	22d63e4a-486f-40c9-bd03-08e8d5d0254c	8823.25	10/20/24	Savage, Johnson and Miller	SVC002	5/3/24 23:38	Submitted	FALSE
CLAIM000088	EMP0088	Casey Jordan	Marketing	fafb7d2d-3c35-44d3-94e8-ba9b2dcd5225	3965	2/1/25	Davis Inc	SVC001	12/1/24 0:47	Approved	FALSE
CLAIM000170	EMP0170	James Hayes	Marketing	5874607f-a029-40d7-8466-247cdd7d2a73	12778.78	2/19/24	Perez, Wagner and Thompson	SVC003	5/30/25 5:42	Submitted	FALSE
CLAIM000269	EMP0269	Tyler Aguilar	Marketing	ded9107f-e801-4802-8997-d8c9241a31d4	9209.2	9/1/23	Vazquez and Sons	SVC004	8/19/23 3:28	Submitted	FALSE
CLAIM000156	EMP0156	Maria Ford	Operations	e7e5bd3c-ea7f-47c8-a5c5-a00ed74d40a6	17437.57	4/10/24	Martin PLC	SVC004	12/4/23 23:46	Approved	FALSE
CLAIM000309	EMP0309	Jennifer Colon	IT	e2e5b524-1a0c-4a77-91cd-fd0bb4f0536d	1949.34	6/5/23	Mcintosh Group	SVC001	3/31/25 1:17	Approved	FALSE
CLAIM000423	EMP0423	Natalie Kaufman	HR	06253851-006c-4016-9c33-e1d20972c870	3039.61	6/6/23	Pugh, Scott and Morris	SVC004	5/2/24 1:33	Paid	FALSE
CLAIM000403	EMP0403	Michael Manning	Finance	1fda36e0-b74f-478c-af2f-b94f3612b4bd	11063.76	4/18/25	Anderson-Arnold	SVC002	1/22/24 3:09	Submitted	FALSE
CLAIM000037	EMP0037	Jamie Crawford	Operations	9ea6f3ba-3a42-481d-a1cd-46abadbc19ae	17351.86	12/28/23	Fischer-Oliver	SVC004	12/12/23 4:10	Approved	FALSE
CLAIM000346	EMP0346	Michael Martinez	Finance	14285f3c-604c-4eff-8431-e6c190562327	6250.57	10/30/24	Holloway, Walker and Rios	SVC002	9/2/24 19:05	Paid	FALSE
CLAIM000466	EMP0466	Max Anderson	HR	664631a4-6b47-4f5e-a09f-d44738600700	12892.92	12/23/24	Duffy PLC	SVC004	10/3/23 12:23	Approved	FALSE
CLAIM000173	EMP0173	Ronald Harper	IT	3fb10f9b-98e0-436f-9fd0-ebf8324ecf62	2945.51	7/29/24	Potter, Campbell and Buck	SVC002	11/30/24 2:22	Approved	FALSE
CLAIM000527	EMP0527	Anthony Turner	Finance	60c485c5-2ec5-44e7-b232-9dd288cfc425	15517.56	3/1/24	Turner PLC	SVC004	8/5/24 17:56	Approved	TRUE
CLAIM000078	EMP0078	Seth Parrish	IT	544f6fb4-6602-4088-a2bc-1baf37ff50a1	3212.39	2/23/25	Silva, Duncan and Day	SVC003	3/12/24 13:58	Submitted	FALSE
CLAIM000571	EMP0571	Jessica Kline DDS	Operations	1c12391a-b81e-4291-9c71-f3a63851acff	403.46	8/22/23	Lee-Wilkinson	SVC004	3/9/25 4:51	Approved	FALSE
CLAIM000229	EMP0229	Taylor Long DDS	IT	344947e4-a21c-4c25-96ec-8d8bbb311bc4	1034.53	6/24/23	Phillips, Simmons and Gomez	SVC003	7/23/24 16:49	Submitted	FALSE
CLAIM000160	EMP0160	Jodi Mosley	Operations	0e871c92-dc50-47ab-9812-958bc25d1548	13140.54	9/4/23	Mccormick Inc	SVC003	2/4/24 6:20	Submitted	FALSE
CLAIM000682	EMP0682	Julie Christensen	Operations	7d404498-3f78-4cac-a80c-e1cab546cb98	15621.45	10/19/24	Jones and Sons	SVC004	6/3/23 21:22	Approved	TRUE
CLAIM000522	EMP0522	Morgan Villanueva	Finance	b95c03cd-69db-47f5-ba20-6283517dfe66	15321.99	12/12/23	Thomas, Chambers and Martin	SVC004	7/5/23 10:45	Paid	TRUE
CLAIM000167	EMP0167	Amanda Braun	Finance	a934cf97-9935-4e06-ac12-d907376cc3ad	7761.49	6/21/23	Deleon PLC	SVC003	12/24/24 14:43	Paid	FALSE
CLAIM000164	EMP0164	Andrew Perez	HR	4dcbba8a-4930-4db8-9784-cbdc898370d5	1449.39	10/13/23	Moreno Ltd	SVC003	8/1/24 10:01	Submitted	FALSE
CLAIM000502	EMP0502	Ryan Parker	Operations	c5ab9f7c-dbc1-4cb9-bb96-0e45a4232200	10437.51	9/26/23	Bennett, Watts and Martin	SVC003	6/8/24 1:10	Submitted	FALSE
CLAIM000522	EMP0522	Morgan Villanueva	Finance	b95c03cd-69db-47f5-ba20-6283517dfe66	15321.99	12/12/23	Thomas, Chambers and Martin	SVC004	7/5/23 10:45	Paid	FALSE
CLAIM000656	EMP0656	Gina Thomas	Operations	e1754bc2-cd75-4ee0-8300-b80317b59a78	12412.79	5/31/24	Ortiz, Oneal and Banks	SVC003	1/1/24 10:06	Submitted	FALSE
CLAIM000477	EMP0477	Michael Fuentes	IT	81474edd-0d18-4be9-93ca-fbaea0f76910	19043.23	9/13/23	Marks-Miranda	SVC004	6/5/24 0:18	Paid	FALSE
CLAIM000676	EMP0676	Nichole Gonzales	Marketing	76ad87d5-6d5a-4e2b-8604-f6ef0bc77878	7913.16	10/28/23	Johnson Inc	SVC004	1/15/24 14:08	Approved	FALSE
CLAIM000279	EMP0279	William Jackson	Finance	ed36de81-dcb9-429a-a6e6-2aca87114f97	4396.71	2/25/25	Thomas-Martinez	SVC002	2/2/25 21:22	Paid	FALSE
CLAIM000259	EMP0259	Seth Green	Operations	31249097-cc7c-43ab-8289-86f9a74de985	4548	1/29/25	Morrison, Smith and Jensen	SVC002	9/8/24 5:27	Approved	FALSE
CLAIM000499	EMP0499	Kimberly Campbell	Operations	57dc7e3f-f188-41d2-b86b-295545ef649d	2184.65	2/22/24	Franklin-Schmidt	SVC004	4/11/24 18:12	Submitted	FALSE
CLAIM000194	EMP0194	Diane Hardy	IT	9feee9c1-bfac-4685-87b1-f310071c550e	16293.82	5/16/25	Johnson PLC	SVC001	12/29/24 6:20	Paid	FALSE
CLAIM000429	EMP0429	April Lara	Operations	67375d56-f7b4-4f70-a890-bbb0b4c4d785	18256.15	7/22/23	Taylor-Baker	SVC002	10/22/24 17:25	Paid	FALSE
CLAIM000065	EMP0065	Amy Allen	Marketing	369871bc-76eb-4b1c-b99d-e0fb67ab55dc	10115.94	1/16/24	Chambers-Ibarra	SVC001	8/22/23 14:52	Approved	TRUE
CLAIM000303	EMP0303	Kathleen Brown	Marketing	2335766f-16a8-40ee-846f-5f6a9353d61b	19563.54	4/3/25	White, Payne and Murray	SVC004	8/26/24 8:31	Paid	FALSE
CLAIM000027	EMP0027	Mrs. Heather Moses PhD	Operations	3077b0e1-75a3-4b3f-a990-f976a75ef052	9097.49	11/20/24	Robertson, Cannon and Ortega	SVC004	8/24/23 13:49	Approved	FALSE
CLAIM000032	EMP0032	Ashley Hernandez	Operations	a37e7620-2bf9-415c-9485-32d911543005	14034.21	3/20/24	Perry, Stephenson and Anderson	SVC001	9/22/24 22:26	Approved	FALSE
CLAIM000171	EMP0171	Jonathan Lopez	Marketing	6e3a1350-89c3-4f55-9c67-ea85aab23328	5920.45	1/22/25	Rodriguez-Brewer	SVC003	9/23/23 15:54	Approved	FALSE
CLAIM000664	EMP0664	Victoria Melton	HR	6f10d278-bcd0-4b91-a10f-b796d5b9f0d3	5202.82	3/21/25	Vargas, Rodriguez and Gregory	SVC001	6/15/23 3:10	Approved	FALSE
CLAIM000424	EMP0424	Danielle Mason	Finance	ae841181-554b-4270-86b9-bba125769dd2	3602.79	1/10/24	Sullivan-Sloan	SVC001	1/2/24 19:29	Submitted	FALSE
CLAIM000517	EMP0517	Anthony Anderson	Marketing	86141505-01cd-4ccf-bf10-26246e9bb95f	19828.21	9/10/23	Thompson, Robinson and Davis	SVC004	11/16/23 7:00	Approved	FALSE
CLAIM000325	EMP0325	Cynthia Brown	IT	29d34e70-4699-4187-a12c-e59f202ab4ad	5463.18	2/7/25	Miller, Sanders and Potter	SVC003	7/17/24 0:12	Submitted	FALSE
CLAIM000134	EMP0134	Bobby Harris	Operations	0ced6be2-c04f-41b8-aa22-694e8ee32d13	12631.88	12/26/24	Mckee and Sons	SVC004	10/11/24 20:50	Paid	FALSE
CLAIM000398	EMP0398	Richard Johnson	HR	6bc82b6f-09d8-40de-940d-47d8c4fe0162	12305.61	6/27/23	Owen-Mills	SVC003	6/4/24 16:32	Paid	FALSE
CLAIM000552	EMP0552	Lisa White	IT	775f35a0-eaaf-47b2-9cbb-c5a5199ed56f	1426.11	11/3/24	Johnson and Sons	SVC001	12/1/24 17:39	Approved	FALSE
CLAIM000445	EMP0445	Lauren Price	Finance	72a1bdd1-a01b-4b5f-9920-be0400e5114b	2602.89	5/9/25	Greer-Wilson	SVC002	7/19/23 20:02	Submitted	FALSE
CLAIM000280	EMP0280	Nicole Benson	HR	07c57cae-ffe8-4e8e-ac35-45fa19dd187e	8548.34	9/19/24	Ramos Group	SVC001	4/24/25 20:22	Paid	FALSE
CLAIM000645	EMP0645	John Bailey	IT	82fcd098-ed13-442a-af17-84208ae640f9	18564.41	12/13/23	Lopez-Pratt	SVC001	8/28/24 17:36	Paid	FALSE
CLAIM000577	EMP0577	William Wagner	HR	d810473e-3d39-46fe-8df3-c81d781282a2	6732.95	10/9/24	Jones and Sons	SVC002	2/22/24 0:40	Paid	TRUE
CLAIM000532	EMP0532	Thomas Scott	Operations	7110c090-181c-406e-b548-f91b68272924	3237.06	4/10/24	Stark-Marsh	SVC001	5/26/25 2:35	Approved	FALSE
CLAIM000527	EMP0527	Anthony Turner	Finance	60c485c5-2ec5-44e7-b232-9dd288cfc425	15517.56	3/1/24	Turner PLC	SVC004	8/5/24 17:56	Approved	FALSE
CLAIM000232	EMP0232	Denise Rich	HR	3d58c7ee-451d-4604-8b3f-ff2a929b071f	1899.21	11/2/24	Sandoval and Sons	SVC002	2/24/24 11:55	Paid	FALSE
CLAIM000004	EMP0004	Chad Walters	Operations	3178d339-88da-4b37-8986-6ad04cd11fe6	11922.64	10/15/23	Ortiz Ltd	SVC003	1/9/24 7:52	Approved	FALSE
CLAIM000225	EMP0225	Kurt Sharp	Operations	b67075c4-89be-4bbc-91b2-c3a024ecc78c	12308.99	2/22/24	Bryan, Liu and Rodriguez	SVC002	6/19/23 2:08	Approved	FALSE
CLAIM000193	EMP0193	Michele Webb	IT	727f3913-28fb-4650-abde-80becb4fb454	9047.99	1/13/24	Harrison, Gardner and Williams	SVC003	1/19/25 22:36	Submitted	FALSE
CLAIM000082	EMP0082	Jeffrey Blevins	HR	e503d392-f6a6-4961-b2d5-b0193917d72f	12879.57	3/3/24	Garcia, Moore and Peterson	SVC003	8/17/24 2:37	Submitted	FALSE
CLAIM000233	EMP0233	Shawn Love	Marketing	482b1936-2622-4ace-b379-8fe3851045d7	17728.47	2/23/25	Martinez PLC	SVC004	9/16/24 18:47	Approved	FALSE
CLAIM000320	EMP0320	Brian Webb	Marketing	e2c829af-8f7e-4afa-9c39-e8c648f3a673	2250	12/23/23	Cook-Jenkins	SVC002	12/8/23 16:20	Paid	FALSE
CLAIM000465	EMP0465	Deborah Smith	Marketing	1497f331-b73c-46fd-9c8f-42d20a484a7f	14869.34	11/22/23	Webb-Anderson	SVC001	1/5/25 1:52	Paid	FALSE
CLAIM000388	EMP0388	Antonio Mann	HR	c0e4055d-7df9-4279-a36b-92bbb8f806e2	7562.06	12/27/23	Jones-Taylor	SVC001	5/16/25 13:32	Approved	FALSE
CLAIM000669	EMP0669	William Thompson	IT	ca5588fe-5eaa-4135-938b-b2f01665e2ae	8703.42	6/24/24	Gonzalez-Arnold	SVC002	9/10/24 6:05	Approved	FALSE
CLAIM000512	EMP0512	Lawrence Woods	Finance	e46eabd8-147d-461a-a6d5-e0a9f3f7e325	17230	5/7/25	Wood, Travis and Morris	SVC001	5/14/25 22:23	Approved	FALSE
CLAIM000040	EMP0040	Travis Brown	HR	29b36928-f96c-401a-bb71-7a961ec8effa	17609.94	11/5/23	Cooper, Green and Huang	SVC003	5/16/24 0:05	Paid	FALSE
CLAIM000362	EMP0362	Sara Henderson	HR	d725ac78-8b59-4b30-854b-439b9d29a110	7959.18	10/3/24	Vargas LLC	SVC003	8/30/24 8:40	Paid	FALSE
CLAIM000692	EMP0692	John Moore	IT	2e93944a-8be5-459d-b45b-817a80a5b9ca	9582.39	2/4/24	Wallace Inc	SVC002	11/2/23 4:27	Approved	FALSE
CLAIM000236	EMP0236	Kimberly White	Operations	093f070c-1576-4ead-83d3-76dcda60881b	567.69	12/23/23	Coffey, Thomas and Morris	SVC004	4/28/25 17:02	Approved	FALSE
CLAIM000016	EMP0016	Jeffrey Bennett	HR	08c6779d-0525-43e8-a5a5-5fc1eab6a11e	11022.43	11/12/24	Brown Ltd	SVC003	5/17/25 7:34	Paid	FALSE
CLAIM000416	EMP0416	Diana Scott	Marketing	b4b7a6ab-d38e-4a16-bc43-cb718e9ef6f4	11542.87	6/27/24	Cooke-Butler	SVC004	7/22/24 18:13	Submitted	FALSE
CLAIM000166	EMP0166	Megan Campbell	Finance	5ae34b33-8de9-4911-aeee-24f6900659bc	16831.5	12/3/24	Tran-Garcia	SVC002	10/27/24 4:20	Submitted	FALSE
CLAIM000441	EMP0441	Matthew Jimenez	HR	0f4775d3-bc20-4ead-a85b-2d1df392bf5b	19181.91	12/3/24	Taylor Inc	SVC001	12/25/24 22:55	Submitted	FALSE
CLAIM000284	EMP0284	Elizabeth Lee	HR	2e80a310-a09f-4384-9f4f-b1cb340f34fb	19896.89	1/30/25	Steele PLC	SVC001	3/22/25 18:38	Paid	FALSE
CLAIM000327	EMP0327	Jeffrey Wilson	Marketing	92b88afa-9987-4228-be94-4f7ea7ff6447	934.57	11/9/23	Stark PLC	SVC003	11/28/23 19:18	Paid	FALSE
CLAIM000062	EMP0062	Maria Hogan	HR	7280f8e8-e8b7-4ddf-ac0d-619141a584a7	16778.86	4/13/25	Caldwell Ltd	SVC002	4/21/24 11:31	Approved	FALSE
CLAIM000505	EMP0505	Charles Wilson	HR	3ee9ddb4-5821-4720-b7af-7d191b93dd6b	8070.14	9/18/24	Arnold, Payne and Chung	SVC004	5/22/24 21:27	Paid	FALSE
CLAIM000431	EMP0431	Kara Hubbard	HR	4a715b97-37f6-4b2f-ba27-6aa495b5ed87	254.59	6/3/23	Johnson, Smith and Gonzales	SVC004	4/9/25 16:44	Paid	FALSE
CLAIM000308	EMP0308	Joseph Miller	Marketing	ecf5aa3e-f452-4c0e-ba16-352270de60b2	10584.19	12/3/23	Conley, Anthony and Bell	SVC001	10/13/23 9:59	Paid	FALSE
CLAIM000104	EMP0104	Robin Miller	Operations	beb86bec-674a-48dc-bcbd-071926d74454	9178.76	3/18/24	Edwards-Miller	SVC003	11/25/23 14:32	Submitted	FALSE
CLAIM000447	EMP0447	Cheryl Daugherty	IT	f951d639-ee66-498a-b4f8-0810f52407a9	10304.37	8/5/24	Smith Group	SVC004	7/13/23 13:30	Approved	FALSE
CLAIM000434	EMP0434	Elizabeth Acevedo	Marketing	803b0704-0273-4089-b228-a00c01d3a92d	17165.48	8/26/23	White, Haney and Taylor	SVC001	8/13/23 20:47	Submitted	FALSE
CLAIM000158	EMP0158	Kelly Huynh	Marketing	35906f89-ea60-407b-b706-a5a8701cd815	14702.45	3/23/24	Cobb, Jones and Fields	SVC004	5/2/25 5:18	Paid	FALSE
CLAIM000044	EMP0044	Carol Andrews DVM	Marketing	d309d88e-b0ef-4da8-b6e9-c44a7e5a87bd	4714.45	2/15/25	Bell-Baxter	SVC003	7/28/24 6:09	Approved	FALSE
CLAIM000683	EMP0683	Mrs. Pamela Mitchell MD	IT	1305c601-9e76-486f-9975-e428a65366e8	15816.18	3/30/24	Fisher, Rangel and Blake	SVC002	5/30/25 22:10	Paid	FALSE
CLAIM000131	EMP0131	Bianca Alvarado	Operations	10b25533-30fc-48be-a57d-cfa22fe16835	1762.41	6/5/23	Ellis LLC	SVC001	2/23/25 14:48	Paid	FALSE
CLAIM000270	EMP0270	Samantha Mills	HR	78046f07-afc6-4b9b-b296-0cf1f678adb5	17090.78	8/20/24	Figueroa-Orozco	SVC002	7/31/24 8:00	Approved	FALSE
CLAIM000528	EMP0528	Thomas Smith	Operations	32334d66-4d43-4287-a0d6-0dc29158ffdd	13576.64	7/9/23	Steele Ltd	SVC003	8/29/23 2:08	Submitted	FALSE
CLAIM000439	EMP0439	Sheila Zamora	IT	40066182-86d4-402c-ba1e-cc630c1f8db1	18487.25	7/28/24	Scott, Anderson and Mcdonald	SVC004	7/5/23 8:13	Paid	FALSE
CLAIM000480	EMP0480	Dawn Vance	IT	1cfaf561-d35c-4dec-8b11-87fa2d96b671	18102.59	7/30/23	Delgado-Burke	SVC004	8/31/24 2:12	Submitted	FALSE
CLAIM000496	EMP0496	Kelly Pearson	Operations	759b629c-dc63-4929-ba7d-2f629e2da767	14705.39	5/8/25	Harrison, Frank and Armstrong	SVC004	12/4/24 11:07	Paid	FALSE
CLAIM000256	EMP0256	Matthew Cook	Marketing	f8d90860-8a71-4a32-a987-4d9242de7eee	18335.27	2/20/24	Liu Inc	SVC004	7/22/23 22:26	Submitted	FALSE
CLAIM000670	EMP0670	Tammy Davis	Finance	1787acb2-8e53-495f-abfd-652efe012f18	8686.23	1/16/25	Shea-Garcia	SVC001	1/26/25 6:48	Paid	FALSE
CLAIM000675	EMP0675	Jessica Duncan	Operations	d31910fa-1236-4f26-b6c8-17f44ecff17d	7099.63	12/14/24	White Ltd	SVC001	3/9/24 0:00	Approved	FALSE
CLAIM000677	EMP0677	Anna Johnson	Finance	370f2255-e1aa-4bdf-8789-0c9f1c7a5772	11161.37	10/23/24	Woods PLC	SVC003	8/30/24 16:45	Submitted	FALSE
CLAIM000497	EMP0497	Charles Thompson	Marketing	ef291fc7-e567-4841-b48b-d3e2b6621843	6364	4/22/24	Craig Inc	SVC004	3/4/25 9:24	Submitted	FALSE
CLAIM000589	EMP0589	Madison Chapman	Marketing	72114702-4a03-40bd-8a7b-5dcdbc4fb280	18970.07	12/19/24	Stewart-Phillips	SVC001	2/2/24 7:41	Approved	FALSE
CLAIM000202	EMP0202	Corey Pearson	HR	16b46972-bb2b-49bd-9ce5-0015bc1ddbfe	17671.2	5/5/25	Kemp Ltd	SVC003	8/1/24 14:31	Paid	FALSE
CLAIM000698	EMP0698	Kathy Taylor	Operations	2b346aac-b433-4d39-bb0f-91e087db73e6	10919.97	10/14/24	Sherman PLC	SVC002	7/17/24 22:31	Submitted	FALSE
CLAIM000617	EMP0617	Nathan Brock	Operations	b0c3a2bc-85fc-4eed-9363-1c2f0968a947	17363.66	5/19/24	Thompson-Garner	SVC002	5/22/24 21:01	Paid	FALSE
CLAIM000058	EMP0058	Emily Ward	Operations	85b65813-56af-4394-95de-aa14efe554e6	10382.91	8/21/24	Fischer, Simmons and Buchanan	SVC003	4/12/24 6:03	Submitted	FALSE
CLAIM000305	EMP0305	William Torres	Operations	a68499fc-52a5-4834-a593-3fbcd08998a0	1750.67	10/7/24	Robinson, Stanley and Hernandez	SVC001	2/23/25 15:33	Submitted	FALSE
CLAIM000568	EMP0568	Tiffany Fisher	Operations	58857c6b-5d56-4ca6-bd79-5f63d59c5669	12326.16	8/23/24	Diaz-Patton	SVC003	2/2/24 21:31	Approved	FALSE
CLAIM000350	EMP0350	Donna Lara	Finance	7e1dd29f-1da7-4598-924d-f828dd83fbc5	3108.63	3/3/25	Berg-Cobb	SVC001	10/11/24 21:13	Submitted	FALSE
CLAIM000486	EMP0486	Hannah Vincent	HR	c290c545-64df-4e64-84ab-b69909a13030	1329.14	3/2/24	Reyes, Cannon and Evans	SVC004	1/17/25 9:59	Paid	FALSE
CLAIM000684	EMP0684	Mark Hodges	HR	7ecf3d54-3366-410f-b645-764f88af0a1c	3841.77	1/6/24	Richardson, Thomas and Davenport	SVC003	9/27/24 12:01	Submitted	FALSE
CLAIM000384	EMP0384	Colton Reed	Marketing	e5a9c13f-8e92-4fad-a243-7bbe068e0c19	889.07	8/26/24	Reyes, Douglas and Smith	SVC002	11/24/23 9:02	Paid	FALSE
CLAIM000218	EMP0218	Terry Wilson	IT	61704bb3-2052-4d08-b798-28499aa982cd	4436.62	6/24/24	Mendoza and Sons	SVC003	2/9/24 11:15	Approved	FALSE
CLAIM000674	EMP0674	Michael Cooper	Marketing	1692b080-a239-4ee4-8e32-d1fec380c8b2	161.7	8/27/23	Moore, Callahan and Torres	SVC001	9/12/24 8:54	Paid	FALSE
CLAIM000372	EMP0372	Jill Powers	IT	3ca50741-a8ac-41e2-aecc-d03bce1a026e	17366.58	12/11/23	Rollins, Carrillo and Brown	SVC001	1/28/24 11:26	Approved	FALSE
CLAIM000257	EMP0257	Daniel Fitzgerald	HR	36e1cef1-d546-4e49-9e78-d10810168f89	467.04	6/14/23	Moody PLC	SVC004	8/12/23 4:05	Approved	FALSE
CLAIM000604	EMP0604	Terri Taylor	Finance	2af04f90-9d83-42b0-9c12-0703947b7756	7639.67	7/24/24	Moore PLC	SVC004	7/12/24 6:17	Submitted	FALSE
CLAIM000247	EMP0247	Kristin Carter	Marketing	7c5ecf66-dac9-4770-82b3-d214af2d065f	10253.39	3/9/25	Williams-Rodriguez	SVC003	11/6/24 6:21	Paid	FALSE
CLAIM000336	EMP0336	Jasmine Austin	Marketing	6cf712e2-b919-488e-a86c-01f727739936	4880.35	3/31/24	Watson-Smith	SVC001	3/21/24 19:36	Submitted	FALSE
CLAIM000307	EMP0307	Isaac Hayes	Finance	389eb38b-ec00-43ad-a9cf-a0b528ef416c	8085.47	4/19/24	Ferguson PLC	SVC002	4/30/24 15:39	Submitted	FALSE
CLAIM000129	EMP0129	Sarah Conley	Finance	7f2374a4-2635-4a79-b880-03f19de2bec7	16849.83	4/3/25	Adams-Lewis	SVC001	6/18/24 4:02	Paid	FALSE
CLAIM000263	EMP0263	Nancy Dean	Operations	86012370-99cb-4b5e-9e1b-0bdc822dc2f5	1320.97	7/9/24	Foster Ltd	SVC003	10/5/23 8:23	Submitted	FALSE
CLAIM000616	EMP0616	Mandy Smith	Operations	02fb86a8-abb7-453a-a3a3-6ddd7f133f88	8627.85	3/15/24	Miller-Vaughan	SVC004	2/25/24 1:09	Paid	FALSE
CLAIM000190	EMP0190	Mrs. Sara Sullivan	Marketing	86a6f9f8-7753-4d6f-bc70-5192f5b5a8bf	7550.62	8/9/23	Gonzalez, Morris and Ramirez	SVC001	4/28/25 8:39	Approved	FALSE
CLAIM000638	EMP0638	James Jackson	Finance	784a7a13-cf5f-4830-b0e9-74352802f6fe	7689.93	2/22/25	Bishop, Roberts and Wong	SVC001	8/9/24 3:11	Paid	FALSE
CLAIM000335	EMP0335	Jessica Scott	Finance	f7c91279-5c29-4d31-ad7a-21b8f4ca40a1	7105.66	3/27/25	Bennett, Miller and Edwards	SVC003	4/23/25 14:48	Submitted	FALSE
CLAIM000428	EMP0428	Christopher Gonzalez	Operations	f6eb0508-840a-4e9e-ac70-8e4f224641a8	17229.79	2/11/25	Warren-Boyd	SVC002	12/5/24 0:05	Submitted	FALSE
CLAIM000495	EMP0495	Cheyenne Hill	Finance	d79413a9-1ba7-4907-a4a6-8b0148d98db0	7971.47	11/16/23	Riley-Brown	SVC001	2/24/24 16:22	Submitted	FALSE
CLAIM000462	EMP0462	Terry Medina	IT	e27cb524-3a00-4d97-a771-c249c50caeb2	16064.18	8/26/23	Dennis, Jackson and Lewis	SVC002	10/25/23 14:29	Paid	FALSE
CLAIM000133	EMP0133	Matthew Barker	IT	35bcadd2-e94f-410b-a1f5-a7d1386d3cc4	13590.54	6/13/23	Walker-Atkinson	SVC003	12/2/23 20:21	Submitted	TRUE
CLAIM000610	EMP0610	Christopher Thompson	IT	6e690f9f-b700-4952-ab30-2d6ad85dbf69	15026.84	8/10/24	Solis, Rivera and Wu	SVC003	8/24/24 21:55	Paid	FALSE
CLAIM000297	EMP0297	Kim Schultz	Finance	ff13fa97-438e-4dd2-ba17-3d5387d0247f	9682.29	3/29/25	Carroll-Pena	SVC003	7/24/23 15:19	Paid	FALSE
CLAIM000606	EMP0606	Elizabeth Pennington	HR	a3cf294c-65ad-4bc8-9714-99c67e58d23b	13899.36	7/15/23	Robinson and Sons	SVC002	12/21/24 7:26	Approved	FALSE
CLAIM000618	EMP0618	David Gray	IT	075fbaed-390f-49a7-afff-4022be463850	8699.19	1/20/24	Anderson, Melton and Fuller	SVC001	11/15/24 19:25	Submitted	FALSE
CLAIM000498	EMP0498	Loretta Gonzalez	Marketing	fe9fcf5e-8beb-4572-83fd-6478ad61b003	16068.16	11/7/24	Roberts PLC	SVC002	9/11/24 22:00	Approved	FALSE
CLAIM000452	EMP0452	Laura Williams	HR	43f3395d-a87c-4ac9-8b14-f0fd93d24ef7	2878.48	6/8/24	Henderson, Brown and Spencer	SVC003	11/26/24 17:15	Submitted	FALSE
CLAIM000364	EMP0364	Cameron Davis	Operations	7d90ce26-0fa6-4411-aa12-5b2ce790eba8	5123.38	11/27/24	Wheeler, Morgan and Martin	SVC003	12/26/23 11:17	Paid	FALSE
CLAIM000295	EMP0295	Brittany Hall	Operations	29c16d4c-2024-470a-afc4-f4198c5c2517	18367.93	4/19/25	Buchanan and Sons	SVC003	12/13/23 21:30	Approved	FALSE
CLAIM000584	EMP0584	Kyle Thompson	Operations	04cf9791-a491-4af0-86aa-ae8e78fe8083	3677.15	9/10/23	Miller, Vaughn and Pham	SVC001	12/10/23 11:06	Submitted	FALSE
CLAIM000601	EMP0601	Sean Perez	Operations	7a7ee033-82d9-4fac-b0ff-df037330de4f	3076.68	7/27/24	Nguyen Ltd	SVC002	2/22/24 17:40	Paid	FALSE
CLAIM000221	EMP0221	Eric Cunningham	Operations	f1fca9bd-f08c-401c-bb76-5ec6ebf8b685	7167.01	9/13/24	Alexander, Bradley and Rosales	SVC003	7/14/23 11:25	Approved	FALSE
CLAIM000523	EMP0523	Brenda Ryan	HR	8caf8d2b-9e83-47a4-a84e-f13a378d99eb	8400.88	12/27/24	Norton Inc	SVC001	1/21/24 3:45	Approved	FALSE
CLAIM000048	EMP0048	Jenny Moody	Operations	f7288ce9-6cce-4a03-a15c-81b4ab09baa6	11542.1	6/29/24	Smith Group	SVC004	9/19/24 10:30	Approved	FALSE
CLAIM000141	EMP0141	Dennis Donovan	IT	d09403b4-c2a9-4400-b41f-006708146b1e	12427.78	9/16/24	Washington Group	SVC001	8/20/23 12:31	Submitted	FALSE
CLAIM000075	EMP0075	Ryan Moore	IT	d9214e32-8676-42c0-a76b-ddcf4015da08	10492.92	3/4/25	Russell PLC	SVC001	4/5/24 19:14	Approved	TRUE
CLAIM000596	EMP0596	Robert Long	Marketing	39a6e50c-5ec8-4685-8200-3e0dd78cdb34	2996.1	2/2/25	Lynch, Anderson and Morrison	SVC003	8/1/24 0:02	Paid	TRUE
CLAIM000513	EMP0513	Savannah Fox	Marketing	64637e1b-e2f4-4cca-a086-5f1108079b82	7738.55	8/15/24	Nelson PLC	SVC004	7/2/24 17:49	Paid	TRUE
CLAIM000402	EMP0402	Cheryl Hunt	Marketing	b3f8322d-9909-4ac9-b50b-feb4d50e52e5	2717.28	10/31/23	Bell LLC	SVC004	6/24/23 9:07	Approved	FALSE
CLAIM000433	EMP0433	Courtney Barnes	Marketing	3baf44a5-eb7d-4678-aaff-643e2e7cbb2c	13546.46	3/6/24	Harrison-Castaneda	SVC003	4/1/24 17:17	Approved	FALSE
CLAIM000174	EMP0174	Michael Hawkins	Operations	84e36eaf-62e9-46bd-aa8a-0db88946fdda	19457.95	10/19/23	Doyle PLC	SVC004	1/16/24 5:07	Submitted	FALSE
CLAIM000142	EMP0142	John Larson	Operations	911229be-0fee-4455-9d1a-ed82ced17c8b	7712.75	9/23/23	Hernandez-Bell	SVC004	11/10/23 5:03	Submitted	FALSE
CLAIM000536	EMP0536	Natalie Phillips	HR	f2e1c891-bf19-4ce3-8550-754979e6121e	15500.12	7/2/24	Davis Ltd	SVC001	12/24/24 17:36	Paid	FALSE
CLAIM000398	EMP0398	Richard Johnson	HR	6bc82b6f-09d8-40de-940d-47d8c4fe0162	12305.61	6/27/23	Owen-Mills	SVC003	6/4/24 16:32	Paid	TRUE
CLAIM000615	EMP0615	Crystal Hatfield	Finance	af0321b4-6462-4aab-be0d-c995a4189a07	17625.24	10/11/24	Jordan and Sons	SVC001	3/19/24 18:59	Paid	FALSE
CLAIM000278	EMP0278	Haley Mcbride	Operations	7922374e-8655-4825-9f97-15ee4856840d	10918.34	7/18/23	Kaufman, Johnson and Taylor	SVC004	8/5/23 18:27	Submitted	TRUE
CLAIM000330	EMP0330	Laura Perez	Finance	6ed4e849-1f15-470c-933f-70dae5bdeff3	12010.61	2/6/24	Mathis-Daniels	SVC004	11/12/24 5:27	Paid	FALSE
CLAIM000591	EMP0591	James Johnson	Operations	2e7134f5-2811-47af-82b8-055681be3275	2767.99	7/2/23	Douglas Group	SVC001	1/17/25 12:58	Submitted	FALSE
CLAIM000029	EMP0029	Richard Chen	IT	926c293e-117c-49a7-a231-69ced2fc00d5	13470.64	10/18/24	Morgan-Santiago	SVC002	12/26/24 14:29	Approved	FALSE
CLAIM000057	EMP0057	Kristina Williams	Operations	fb3eff5f-2a97-4e5c-ae80-5345fc2c7c75	3718.92	5/24/24	Sanders, Mitchell and Dodson	SVC004	12/29/24 10:03	Submitted	FALSE
CLAIM000531	EMP0531	Amy Acosta	Marketing	a3a93310-2b6b-414a-898b-766ebd9123a2	2104.49	5/4/25	Garcia-Gaines	SVC004	3/15/25 2:31	Paid	FALSE
CLAIM000106	EMP0106	Krista Schneider	HR	df74698c-f54b-412a-ae63-a6caa34d51d0	9050.55	11/1/24	Hughes Ltd	SVC001	5/2/25 14:38	Paid	FALSE
CLAIM000008	EMP0008	Patrick Bell	Operations	7f6c7b03-fd8a-484e-b091-3c101fe3d878	5647.16	4/23/25	Delgado, Owens and Frank	SVC003	11/10/23 9:35	Submitted	FALSE
CLAIM000399	EMP0399	Jennifer Moss	Finance	f370b8d1-d8c8-49ea-a91b-66397fb2a012	858.93	8/2/24	Ruiz, Rios and Cardenas	SVC003	12/23/24 16:08	Approved	FALSE
CLAIM000500	EMP0500	Vickie Williams	Finance	39216cd5-c545-4be1-b573-1a13382aafa3	19090.45	8/23/23	Banks Ltd	SVC002	1/10/24 18:03	Paid	FALSE
CLAIM000333	EMP0333	Andrea White	Operations	b1395fdd-77ef-4c49-8095-fe191a4912ee	6569.51	5/15/24	Booth, Smith and Cameron	SVC001	4/13/25 1:17	Paid	FALSE
CLAIM000687	EMP0687	Juan Mullen	HR	e04f4a66-ac03-4a36-8e59-f273f5ae8acf	130.57	3/25/24	Le LLC	SVC002	4/28/24 15:23	Paid	FALSE
CLAIM000463	EMP0463	Manuel Calderon	Operations	6085fe5c-c2b6-45f2-aaf5-c5447d6dea98	9378.31	2/9/24	Oconnor LLC	SVC002	5/29/25 17:42	Paid	FALSE
CLAIM000344	EMP0344	Debbie Fleming	Operations	b9df9f0d-7763-4c6f-b668-6107bb53e500	9061.51	5/30/24	Frank PLC	SVC003	2/7/24 16:09	Approved	FALSE
CLAIM000449	EMP0449	Kathleen Carroll	IT	b08f285b-8267-412b-a3a1-ef9325374ac5	19732.78	5/29/24	Martinez-Carpenter	SVC003	12/26/23 5:02	Paid	FALSE
CLAIM000315	EMP0315	Joseph Morrison	Finance	93960ce9-e573-4593-999b-6d007c09f544	6116.6	12/3/24	Vargas and Sons	SVC001	10/20/23 18:16	Submitted	FALSE
CLAIM000092	EMP0092	Carol Crawford DDS	HR	30018b28-8fae-407f-8c3a-fb47bd6a0ba8	6482.82	6/6/24	Simon and Sons	SVC004	9/4/24 1:50	Approved	FALSE
CLAIM000696	EMP0696	Timothy Harris	Finance	b2f3555f-5b6b-4ce4-902d-0042b8215703	6598.74	4/1/25	Griffith Group	SVC004	7/17/23 9:24	Approved	FALSE
CLAIM000112	EMP0112	Stephanie Hayes	HR	e5b6df00-e76b-4dfa-9a87-f268ecf6dd8d	10899.95	12/3/24	Mosley Group	SVC003	10/2/24 9:22	Approved	FALSE
CLAIM000578	EMP0578	Andrea Villanueva	Operations	07ec4aa1-12ba-4656-b184-5be049f6d76f	5760.64	2/22/24	Wright-Olsen	SVC002	9/3/23 13:23	Approved	FALSE
CLAIM000397	EMP0397	David Jackson	Finance	9eecfce1-53b3-49cf-81b3-36c0ec7d0c7f	10250.35	7/9/23	Mcneil, Allen and Roberts	SVC002	3/22/25 20:25	Approved	FALSE
CLAIM000285	EMP0285	Jeffery Proctor	HR	75c06387-b2c1-4756-8748-d65996f6db69	8027.54	3/20/24	Kelly, Cook and Fleming	SVC003	5/16/24 23:11	Paid	FALSE
CLAIM000473	EMP0473	Victoria Ball	Operations	ec1ba045-cabc-43fb-8087-ecb423532455	4632.62	5/4/25	Berry Ltd	SVC002	4/24/25 11:16	Paid	FALSE
CLAIM000159	EMP0159	Thomas Wiggins	HR	71c62a44-0ab5-49a7-98ed-f1e81d05dc4e	5597.21	8/20/24	Jensen LLC	SVC004	9/11/23 22:58	Paid	FALSE
CLAIM000107	EMP0107	James Monroe	IT	870bc246-5c89-4248-abba-2d77f3bef595	10949.96	12/22/23	Payne LLC	SVC001	10/27/24 18:20	Approved	FALSE
CLAIM000047	EMP0047	Tony Campbell	HR	cfe72d29-500b-4644-9459-5754f07be914	2648.32	7/16/23	Hebert-Berger	SVC003	7/13/24 2:41	Submitted	FALSE
CLAIM000685	EMP0685	Laura Nicholson	IT	9f0530ea-e821-4fb8-917a-6c3497bfa56b	739.05	7/8/23	Jones, Johnson and Brown	SVC002	5/21/24 14:53	Paid	FALSE
CLAIM000579	EMP0579	Brianna Anderson	Finance	5c27d0ac-9142-49f4-8c16-9f21c64a7696	5528.76	1/19/24	Shepherd Group	SVC004	11/6/24 22:00	Paid	FALSE
CLAIM000408	EMP0408	Stephen Roach	Marketing	869bb78f-d816-430e-8495-8fc454a4343e	13613.35	10/19/24	Elliott-Lin	SVC001	6/15/24 19:17	Paid	FALSE
CLAIM000006	EMP0006	David Mckenzie	IT	4e149d65-73c7-4c90-b621-c27ae84228f8	12073.43	2/20/25	Rush, Miller and Salas	SVC004	2/3/24 10:32	Paid	FALSE
CLAIM000569	EMP0569	Joseph King	Marketing	389d5471-053c-4132-b30a-6404486d58d5	15904.69	9/18/24	Rush-Sandoval	SVC003	5/6/24 1:24	Approved	FALSE
CLAIM000222	EMP0222	Stephanie Green	IT	1f163ac2-2d4e-46f3-aad7-4d09242f0bd1	1711.14	4/21/24	Dominguez Inc	SVC002	7/30/23 5:30	Submitted	FALSE
CLAIM000067	EMP0067	Robert Glover	Operations	14d5fb83-e196-4038-8c52-82b57b4f5dc0	6247.23	2/10/25	Goodman-Barr	SVC003	9/30/23 8:30	Paid	FALSE
CLAIM000231	EMP0231	Michael Schneider	Operations	ce74a79b-5a01-47da-bb92-2c13ae713c00	16916.8	4/20/25	Green-Rodriguez	SVC004	1/29/24 1:40	Approved	FALSE
CLAIM000299	EMP0299	Aaron Gallagher	HR	031ba54b-68e3-4e8f-84d9-8ad5fa244a31	17170.45	11/28/24	Goodman Inc	SVC004	2/14/25 16:50	Submitted	FALSE
CLAIM000636	EMP0636	Patricia Hughes	Marketing	5ea99171-f8ac-4db6-8e16-e7c9e5e0758f	7447.32	7/29/23	Jackson, Ellis and Maxwell	SVC003	7/13/24 21:57	Approved	FALSE
CLAIM000533	EMP0533	Lee Ortiz	Marketing	8c75f8df-c8b8-432f-a940-6ddeade9bdf5	9819.9	7/6/23	Gonzales-Jenkins	SVC004	10/9/24 17:56	Paid	FALSE
CLAIM000074	EMP0074	Caleb Brown	Operations	4cc16f80-bff6-4484-994d-9fe946a6ac46	10444.25	11/7/23	Vaughan Ltd	SVC002	3/23/25 21:31	Paid	FALSE
CLAIM000456	EMP0456	Carol Santos	Operations	df077137-73aa-4c4e-bbc0-c2302921cd6b	13222.99	9/18/24	Duncan Group	SVC003	5/28/25 23:32	Paid	FALSE
CLAIM000147	EMP0147	Sharon Rivera	Finance	63d911d4-65bb-4dc3-aba9-7dfcdb8c9691	3275.3	5/31/24	Bradley-Chapman	SVC004	4/11/25 11:22	Approved	FALSE
CLAIM000024	EMP0024	Michael Gomez	HR	d3f538a4-1045-4ef3-96fa-26451ece7092	18231.94	5/16/25	Carpenter and Sons	SVC001	3/20/25 14:26	Submitted	FALSE
CLAIM000283	EMP0283	Chris Wells	IT	2035ce1e-1e19-434c-a7ce-ea2a2f379ebc	10991.99	4/15/24	Jackson, Hanna and Martin	SVC001	10/9/23 2:57	Paid	TRUE
CLAIM000002	EMP0002	Melanie West	IT	8c0f68cd-66ed-4ef2-8e16-289dd5bf4918	18242.8	7/30/23	Thompson-Mcbride	SVC004	12/29/23 21:43	Submitted	FALSE
CLAIM000688	EMP0688	Derrick Clay	HR	baabc340-9df1-4093-86fc-46e67016343d	1486.03	12/21/24	Moreno Ltd	SVC004	5/27/25 22:00	Paid	FALSE
CLAIM000487	EMP0487	Scott Campbell	Marketing	eae91fb8-354b-426b-bc42-71eb76ef7bd5	19667.62	5/13/25	Hernandez PLC	SVC004	1/22/25 18:37	Submitted	FALSE
CLAIM000214	EMP0214	William White	HR	e2cba465-94ca-4eb3-a84d-395e6be2e08a	10012.25	1/30/25	Parsons, Clark and Glenn	SVC002	1/19/25 8:15	Submitted	FALSE
CLAIM000084	EMP0084	Scott Ramos	HR	67854e1b-7a14-4c6a-980e-cfbab64334f7	10814.35	12/18/24	Garcia LLC	SVC004	4/21/25 18:49	Paid	FALSE
CLAIM000228	EMP0228	Dawn Roberts	HR	a58880a4-7fa5-4ece-9d92-29c335e1dadd	10657.24	12/1/23	Cross, Ramirez and Ramirez	SVC004	12/22/23 20:11	Submitted	FALSE
CLAIM000530	EMP0530	Christopher Church	HR	e70ae03b-f1b8-42f8-a814-6f0dd4879e89	11388.93	10/14/24	Mcintyre, Hernandez and Grimes	SVC002	1/10/24 12:39	Approved	FALSE
CLAIM000420	EMP0420	Rachel Lambert	Marketing	76028ef1-bd8b-4b8c-a2a1-ebff1e2111ac	14144.41	2/1/24	Scott-Williamson	SVC003	12/23/23 2:56	Submitted	FALSE
CLAIM000323	EMP0323	Clinton Buchanan	Operations	b5e5d7c8-e631-4f37-8455-273f9ca4e29a	7439.85	7/24/24	White, Griffin and Reyes	SVC002	8/21/24 20:41	Submitted	FALSE
CLAIM000215	EMP0215	Kim Herman	Marketing	ef1f06a5-5004-417b-a617-496e807dbbba	285.87	2/25/25	Martinez-Santana	SVC001	4/6/25 11:29	Approved	FALSE
CLAIM000239	EMP0239	Justin Scott	Finance	41799679-a6c6-4761-b504-34ccaaf11bd6	4665.4	5/14/24	Love Ltd	SVC002	6/26/24 23:28	Approved	FALSE
CLAIM000031	EMP0031	Shannon Phillips	Finance	71ed7194-e8ad-4c56-814c-23680fde741e	16605.68	9/14/23	Cisneros, Martin and Williamson	SVC003	1/15/24 7:09	Submitted	FALSE
CLAIM000535	EMP0535	Lisa Rodriguez	IT	7435df60-d2ef-4803-9803-eaf5ebd31a90	206.77	3/30/24	Aguilar-Ayala	SVC003	9/30/23 10:10	Paid	FALSE
CLAIM000251	EMP0251	Justin Lozano	Marketing	6f7f2fae-e3aa-4521-bd27-1272f4e2a5e7	16535.44	11/15/23	Singleton, Young and Harrison	SVC001	7/16/23 13:16	Approved	FALSE
CLAIM000412	EMP0412	Jennifer Roberts	IT	23e5a5dd-6adc-4801-be16-6debfdc87aeb	14385.74	2/8/25	Garcia, Richards and Dominguez	SVC004	7/10/23 22:45	Approved	FALSE
CLAIM000681	EMP0681	Scott Cline	HR	f9fe2ea5-f20f-4264-a011-8fd0ab05ef9b	11566.63	12/27/23	Hernandez, Smith and Caldwell	SVC003	12/17/24 3:54	Approved	FALSE
CLAIM000169	EMP0169	Paul Hodges	Marketing	5add37b1-0c48-4825-a90d-166521bd61ed	13210.18	7/11/24	Cook-Camacho	SVC004	10/15/23 21:17	Approved	FALSE
CLAIM000690	EMP0690	Brandy Guzman	Finance	ce8fc69f-a0e2-445c-bade-65700fbe83b8	15459.45	8/16/24	Chang, Williamson and Garza	SVC002	9/19/23 7:29	Approved	FALSE
CLAIM000376	EMP0376	Richard Walsh	Operations	8dc26912-cf2b-4c5e-a1f8-42a0c32ce1d2	8166.96	7/29/23	Wagner-Preston	SVC002	2/13/24 18:51	Paid	FALSE
CLAIM000184	EMP0184	Haley Graham	Finance	42198967-3e47-4622-81b4-e5dd7667dd20	10126.21	7/28/23	Palmer and Sons	SVC002	4/5/24 23:27	Paid	FALSE
CLAIM000460	EMP0460	Leah Koch	Operations	bb7c4e0d-8d98-4f09-b37a-d159214a3700	11650.98	1/29/24	Mitchell Group	SVC002	11/4/24 16:45	Submitted	FALSE
CLAIM000014	EMP0014	Heather Fuller	Marketing	3fd89bfb-cf65-45ea-9551-19986f6b8ee2	10181.27	3/15/24	Kennedy PLC	SVC001	2/6/25 14:00	Submitted	FALSE
CLAIM000643	EMP0643	Justin Howard	IT	392914ee-2937-469c-978a-222765dcdb9f	9417.56	7/25/23	Williamson, Harmon and Wiley	SVC004	7/13/23 20:43	Paid	FALSE
CLAIM000200	EMP0200	Linda Johnson	Operations	a6c22633-3738-432d-bfc7-ad6bbd6e8bd0	16765.66	12/30/24	Meyers, Garcia and Wagner	SVC002	8/3/23 5:32	Approved	FALSE
CLAIM000005	EMP0005	Thomas Sanchez	Operations	646aa917-35c0-453d-8c5b-59968127745a	1904.08	5/7/25	Bryant Inc	SVC002	10/10/23 15:44	Approved	FALSE
CLAIM000284	EMP0284	Elizabeth Lee	HR	2e80a310-a09f-4384-9f4f-b1cb340f34fb	19896.89	1/30/25	Steele PLC	SVC001	3/22/25 18:38	Paid	TRUE
CLAIM000153	EMP0153	Amy Rivera	Marketing	f4ee79ca-fa1a-4eb4-a513-134cd4ffb08a	4740.7	12/11/24	Smith, Glass and Perry	SVC004	8/17/24 18:09	Submitted	FALSE
CLAIM000373	EMP0373	Kendra Raymond	IT	0f074171-4ca3-4df5-b077-1e07b15cdce8	1703.45	11/21/24	Brady-Solis	SVC001	11/27/23 8:44	Paid	FALSE
CLAIM000573	EMP0573	Jenna Miles	Marketing	0c975de3-86b8-4343-b5b7-c864b6751fe1	2894.64	6/16/24	Drake-Jimenez	SVC001	6/29/24 20:18	Paid	FALSE
CLAIM000328	EMP0328	Joshua Pearson	Operations	669455e5-84bd-4e8a-a827-a5b791b975d9	5037.98	10/21/24	Howard Group	SVC004	1/25/24 2:11	Paid	FALSE
CLAIM000100	EMP0100	Matthew Nguyen	HR	ddad299a-4e80-409c-82c2-c4adbc198b3e	3011.61	6/30/23	Hunt-Brooks	SVC002	7/14/23 4:48	Paid	FALSE
CLAIM000205	EMP0205	Megan Williamson	Marketing	3a0d0398-c8bb-4a11-86cc-7105688850c8	14067.22	1/11/25	Church, Miller and Ramsey	SVC003	3/30/24 12:53	Approved	TRUE
CLAIM000021	EMP0021	Sierra Leon	Finance	eb68dfb7-d1b1-4c8d-9408-4261391bb0b6	706.16	9/4/24	Farmer, Martinez and Reilly	SVC002	9/23/24 8:41	Paid	FALSE
CLAIM000096	EMP0096	Mitchell Mclaughlin	HR	6e34001d-9a40-4ebc-8ccf-3a02709ddd03	452.08	8/16/23	Braun, Dominguez and Booth	SVC002	5/10/24 11:28	Approved	FALSE
CLAIM000513	EMP0513	Savannah Fox	Marketing	64637e1b-e2f4-4cca-a086-5f1108079b82	7738.55	8/15/24	Nelson PLC	SVC004	7/2/24 17:49	Paid	FALSE
CLAIM000097	EMP0097	Nancy Weber	HR	ca542fad-6a13-4574-a447-6b8878793a19	3566.88	12/27/23	Calderon, Rice and Martinez	SVC004	1/11/25 13:43	Paid	FALSE
CLAIM000641	EMP0641	Tammy Foster	Finance	49fc1415-078f-48ae-8cae-d13d03714d3b	13435.53	6/17/23	Gonzalez-Henderson	SVC002	12/18/24 2:26	Submitted	FALSE
CLAIM000365	EMP0365	Katie Davis	HR	38b904e1-583c-4353-9ed4-f637f3dfefef	11786.52	12/15/24	Morgan, Stephenson and Shepard	SVC001	3/3/24 21:01	Approved	FALSE
CLAIM000010	EMP0010	Erin Parker	IT	e1d8987d-6420-40ed-ad5f-34f6564cdd65	5289.48	7/12/24	Torres Inc	SVC003	2/7/25 4:25	Paid	FALSE
CLAIM000608	EMP0608	James Hartman	Operations	c4a55a0d-5b52-4e29-99a1-50e39ae590cc	19783.2	9/27/24	Roberts-Foster	SVC003	12/16/24 9:22	Approved	FALSE
CLAIM000467	EMP0467	Kristen Harris	Marketing	2d52ec4b-a71f-4419-9c3d-d2c0cdb8890d	302.32	3/27/24	Jackson and Sons	SVC003	6/6/24 15:25	Paid	FALSE
CLAIM000127	EMP0127	Billy Fuller	HR	0dfc6d5c-fdf2-436a-80e4-a3fc77a4a955	11180.83	6/12/24	Harper PLC	SVC001	9/25/23 2:35	Paid	FALSE
CLAIM000588	EMP0588	David Ross	IT	60bb6725-b5af-4fea-b7d7-f7a5553b6efd	19574.83	5/4/25	Miller LLC	SVC003	9/25/24 4:55	Submitted	FALSE
CLAIM000646	EMP0646	Vincent Lawson	Operations	4f98c2a4-6246-4fcf-9624-24f17d9743c7	4452.56	3/1/25	Ballard-Schmidt	SVC003	4/10/24 5:18	Submitted	FALSE
CLAIM000237	EMP0237	Crystal Steele	Marketing	dbebf37f-e54a-4a45-ba10-327aed1f9e99	17407.35	1/8/24	Petersen, Davila and Spencer	SVC003	10/13/24 3:53	Paid	FALSE
CLAIM000161	EMP0161	Gregory Abbott	HR	f4ccbdb5-edcf-46df-ab69-24cf13ed4e82	6486.84	9/3/24	Cooper-Powell	SVC002	11/30/24 8:28	Paid	FALSE
CLAIM000672	EMP0672	Derek Burnett	Marketing	bce341d3-2046-4cab-a860-d725d868411c	6578.4	3/25/24	Hodges, Barton and Cooper	SVC003	12/25/23 17:08	Submitted	FALSE
CLAIM000580	EMP0580	Katherine Boyd	Operations	da32360a-51f1-4635-8bd0-d5fa6f3d9bbe	18712.78	8/17/23	Smith, Butler and Baker	SVC001	3/31/25 11:53	Paid	FALSE
CLAIM000079	EMP0079	Karen Kelley	Marketing	c3d027fc-a60d-47a3-a6d6-241a959ef242	18515.2	1/2/25	Steele-Fox	SVC001	9/22/23 19:34	Submitted	TRUE
CLAIM000554	EMP0554	William Middleton	Operations	b102b4f5-22ed-4976-8c1a-b71dd5e645b2	17786.79	3/4/24	Young Inc	SVC004	9/8/23 14:42	Paid	TRUE
CLAIM000192	EMP0192	Derek Hoffman	Operations	6f0c49f5-ae85-4a06-b891-874e7845d70b	12667.57	10/21/23	Garcia-Barnes	SVC002	6/23/24 3:27	Submitted	FALSE
CLAIM000699	EMP0699	Rodney Armstrong	Marketing	0bc8cd14-681a-4c85-af4b-38a188ede8a0	10289.88	2/29/24	Potter LLC	SVC001	9/6/23 12:29	Paid	FALSE
CLAIM000622	EMP0622	Brenda Stanton	Finance	ca41f60d-46a9-4372-b3bc-f340e3b1c3b1	11246.65	9/22/23	Hendricks-Thomas	SVC004	11/24/24 18:06	Paid	TRUE
CLAIM000339	EMP0339	Kyle Brown	IT	b2e31a43-87ce-4d70-ba8e-1b1662656b4c	9647.78	11/4/23	Bates-Griffin	SVC001	10/16/23 19:17	Submitted	FALSE
CLAIM000118	EMP0118	Krista Wilkinson	HR	a0e20270-848d-42af-8f7f-32b043e9b63e	5477.16	10/28/24	Johnson PLC	SVC003	4/19/24 17:24	Paid	FALSE
CLAIM000394	EMP0394	Wesley Brady	IT	f7fccfff-d613-4865-b7b5-e870ba7cd3ff	15445.03	12/20/24	Hill, Ferguson and Hernandez	SVC003	4/5/25 4:31	Approved	FALSE
CLAIM000210	EMP0210	Seth Williams	HR	f75e9db2-86ec-4dca-ac3e-7e6ee1d9e7f2	17679.87	6/15/23	Sparks-Riley	SVC002	6/24/23 6:45	Paid	FALSE
CLAIM000366	EMP0366	Shelly Hernandez	Operations	f45a5324-9e0f-4b58-aa79-35821d48c85c	7629.56	6/27/23	Thomas, Jones and Holmes	SVC002	3/27/24 8:21	Approved	FALSE
CLAIM000322	EMP0322	Justin Baker	Operations	87f8d9da-eb3f-46f7-a2f9-5d419fb01b17	19530.93	2/29/24	Roy-Johnson	SVC004	4/14/24 2:12	Submitted	FALSE
CLAIM000369	EMP0369	Jerry Schmidt	Marketing	2a5a9639-f554-4a44-98cd-b65117eab181	5809.75	8/11/24	Nelson, Beck and Bolton	SVC004	6/27/23 14:13	Approved	FALSE
CLAIM000479	EMP0479	Justin Jimenez	IT	d599f6c3-9aff-42e2-a1fc-df9d33d0cd93	3542.73	5/13/25	Case LLC	SVC003	8/19/23 19:55	Paid	FALSE
CLAIM000230	EMP0230	James Frazier	IT	318e6728-68ed-46b0-bec8-e3588bcac1f4	2241.99	11/25/24	Rogers-Arnold	SVC001	4/1/24 16:22	Paid	FALSE
CLAIM000182	EMP0182	Ryan Paul	HR	79ed6149-40dd-4c0c-b023-1240fede2ed3	8178.99	10/12/23	Lewis-Vargas	SVC001	12/19/24 1:06	Submitted	FALSE
CLAIM000338	EMP0338	Kelly Cook	Finance	72aeb6a3-caf6-490c-851f-6faa8b3a79f2	12604.96	6/19/24	Phillips, Porter and Sharp	SVC002	4/6/25 5:20	Submitted	FALSE
CLAIM000555	EMP0555	Scott Gilmore	Operations	9b3d95c1-3a25-44db-98d9-faf717369305	8249.46	6/28/24	Gross, Walker and Gutierrez	SVC002	5/1/25 14:03	Approved	TRUE
CLAIM000150	EMP0150	Keith Robinson	HR	629c54b3-b6fb-4aff-a2fe-f2a2fd156fd8	12617.78	11/3/23	Brown Ltd	SVC004	3/6/24 1:09	Approved	FALSE
CLAIM000485	EMP0485	Casey Powers	Operations	85902d4e-00a7-4746-9455-8ff93858d241	13679.2	9/2/23	Anderson LLC	SVC001	5/13/24 4:29	Approved	FALSE
CLAIM000281	EMP0281	Kayla Sanders	Marketing	211510e6-fc2f-448f-a522-3b85252ed9a9	9209.95	5/19/24	Smith, Wise and Lawson	SVC001	6/25/23 14:12	Approved	TRUE
CLAIM000382	EMP0382	Robert White	Finance	322e26d6-c8f1-4b97-9fda-5b23e455622e	13575.75	6/23/24	Kirk, Yu and Patterson	SVC004	4/20/25 21:41	Approved	FALSE
CLAIM000133	EMP0133	Matthew Barker	IT	35bcadd2-e94f-410b-a1f5-a7d1386d3cc4	13590.54	6/13/23	Walker-Atkinson	SVC003	12/2/23 20:21	Submitted	FALSE
CLAIM000410	EMP0410	Stephanie Murray	Operations	7d06b3c1-517c-446d-943c-4257ca7c6320	19745.32	6/7/24	Bennett, Martinez and Hicks	SVC003	5/30/25 12:39	Submitted	FALSE
CLAIM000651	EMP0651	Jamie Carroll	IT	3a23cd91-1795-4b9b-9660-125c7b53fb51	19147.09	7/8/23	Blanchard Ltd	SVC003	10/5/24 19:10	Approved	FALSE
CLAIM000624	EMP0624	Paula Reynolds	Operations	98ec27ea-817f-482c-adea-29af3b3651a9	14867.71	12/30/23	Lambert-Wilcox	SVC002	6/13/23 10:33	Approved	FALSE
CLAIM000199	EMP0199	Angela Zamora	Finance	581d172e-546f-415e-900c-08230274a9cd	1134.5	10/4/24	Moore Group	SVC004	10/1/23 16:17	Approved	FALSE
CLAIM000375	EMP0375	Robert Brown	IT	9a33e56c-084e-4e13-8bd7-b4302dd1846d	11853.58	10/30/23	Daniels and Sons	SVC004	10/19/24 9:07	Paid	FALSE
CLAIM000157	EMP0157	Cindy Nelson	Operations	00c521ef-1f3d-4827-9306-1fe17e1ab386	16989.87	8/24/23	Sharp-Moody	SVC003	8/28/24 8:07	Approved	FALSE
CLAIM000634	EMP0634	Steven Schmidt	HR	305c81f1-4804-4c0b-a6f7-f1523e0e4338	19860.31	6/15/23	Smith, Morales and Williams	SVC003	1/20/24 21:54	Submitted	FALSE
CLAIM000481	EMP0481	Kelsey Torres	Finance	f53cf786-0c1a-4631-836c-2f5e1bc6e611	19340.38	11/1/23	Nelson-Gardner	SVC001	2/28/25 18:42	Submitted	FALSE
CLAIM000291	EMP0291	Paul Williams	Finance	e6c6346a-852d-4013-aa90-d7efad777183	13086.89	12/7/23	Parsons-Hernandez	SVC001	7/1/23 23:12	Approved	FALSE
CLAIM000507	EMP0507	Karen Taylor	HR	eb3f8ca1-45ca-4744-8318-1055e0daef26	19432.84	5/5/24	Pham, Wallace and Yang	SVC003	2/22/25 14:52	Submitted	FALSE
CLAIM000274	EMP0274	Brian Webster	Operations	094075c5-4e00-43e4-867f-f2c2c5959141	11343.89	4/28/24	Reese Ltd	SVC001	11/9/24 10:55	Approved	FALSE
CLAIM000488	EMP0488	Randy Mayer	Finance	63d7d2cd-d9f1-4c9b-b3e5-c42d95994283	600.85	1/29/24	Dickerson-Hanson	SVC001	9/14/23 20:31	Approved	FALSE
CLAIM000130	EMP0130	Taylor Woodard	IT	cf79e0af-61f8-4fa0-bd60-997e4bb71514	9628.97	11/27/24	Evans Inc	SVC001	3/24/25 1:38	Approved	FALSE
CLAIM000624	EMP0624	Paula Reynolds	Operations	98ec27ea-817f-482c-adea-29af3b3651a9	14867.71	12/30/23	Lambert-Wilcox	SVC002	6/13/23 10:33	Approved	TRUE
CLAIM000639	EMP0639	Michelle Wilson	Marketing	bde5b4b3-557c-4de6-91fa-04c075af0a00	4873.33	4/26/25	Grant PLC	SVC004	7/25/23 14:56	Approved	FALSE
CLAIM000683	EMP0683	Mrs. Pamela Mitchell MD	IT	1305c601-9e76-486f-9975-e428a65366e8	15816.18	3/30/24	Fisher, Rangel and Blake	SVC002	5/30/25 22:10	Paid	TRUE
CLAIM000276	EMP0276	Michelle Johnson	Finance	2f1cf3b8-fd28-43b7-b6e7-1cb34d71838a	14232.35	10/25/24	Adkins Ltd	SVC002	6/18/24 18:57	Paid	TRUE
CLAIM000039	EMP0039	Matthew Smith	Finance	c312dfa9-fb39-418e-929f-2d1cf55ff14c	2288.91	3/2/25	Walsh-Graham	SVC003	12/2/24 18:00	Submitted	FALSE
CLAIM000444	EMP0444	Ronald Salas	Marketing	d58f0229-4654-4965-89ce-366d529b5ebb	610.64	11/23/24	Hansen Inc	SVC004	1/11/25 20:49	Approved	FALSE
CLAIM000567	EMP0567	Yolanda Bryant	IT	61d61f3b-fbf6-4835-b6b5-5cd2dccb4511	4991.61	10/7/23	Davis, Young and Decker	SVC003	10/1/24 12:30	Submitted	FALSE
CLAIM000234	EMP0234	Kim Miles	IT	08636a69-27a9-4cce-a8fa-ea3e01c65d38	7500.02	12/30/24	Murphy-Wilcox	SVC002	8/12/23 16:27	Submitted	FALSE
CLAIM000640	EMP0640	Terri Sims	Operations	534b6516-b808-4cd4-b4f7-840909a1cee9	18811.57	4/26/25	Young-Stevens	SVC003	5/16/24 14:49	Approved	FALSE
CLAIM000253	EMP0253	Nathan Paul	Operations	358d2615-5fa3-41b7-86e7-46fb1bb330a0	4590.4	8/17/23	Griffith Inc	SVC001	4/6/25 19:34	Submitted	TRUE
CLAIM000047	EMP0047	Tony Campbell	HR	cfe72d29-500b-4644-9459-5754f07be914	2648.32	7/16/23	Hebert-Berger	SVC003	7/13/24 2:41	Submitted	TRUE
CLAIM000081	EMP0081	Jerome Bradley	Finance	abbb93d5-9323-4bca-974b-005404c71f35	4963.65	12/8/23	Mosley-Miller	SVC002	7/16/23 18:05	Approved	FALSE
CLAIM000087	EMP0087	Samantha Sanders	IT	4645c036-3c73-4db5-8465-882bf25502a4	759.96	4/3/25	Williams, Frey and Nguyen	SVC002	5/25/25 10:08	Approved	FALSE
CLAIM000630	EMP0630	Dana Francis	IT	fb5e0c59-b5a0-4299-8876-e8669f8f9f6d	14907.5	12/6/23	Allen, Wilson and Thompson	SVC003	1/4/25 7:30	Paid	FALSE
CLAIM000359	EMP0359	Sean Juarez	HR	9074ec90-1dd4-43eb-8a2c-246914b919ea	9063.85	3/14/24	Mitchell-Gardner	SVC001	7/2/23 8:40	Paid	FALSE
CLAIM000686	EMP0686	Joshua Henderson	Operations	882a2327-6216-41a9-a29a-36f96aeb22e4	19068.8	1/20/24	Cannon and Sons	SVC003	4/16/25 10:59	Submitted	FALSE
CLAIM000306	EMP0306	Matthew Bowman	HR	b4a87cef-c222-41ba-b472-4e200000a220	7624.81	6/15/24	Lopez-Gray	SVC002	12/5/23 19:28	Submitted	FALSE
CLAIM000455	EMP0455	Barry Garcia	HR	bfce24be-5f36-49cf-957f-a5da2508b5bd	6268.5	3/4/25	Keller, Barr and Cooper	SVC002	7/21/24 2:23	Approved	FALSE
CLAIM000183	EMP0183	Jennifer Thompson	Finance	78f491b4-f314-467c-bd2d-3bc5ce348421	15880.41	8/12/23	Santos and Sons	SVC003	9/8/24 16:21	Submitted	FALSE
CLAIM000454	EMP0454	Amanda Spencer	Finance	20346f19-e973-4f1c-83cd-d4d6e3a76489	13309.66	2/17/25	Harrell-Kim	SVC002	5/16/24 16:59	Paid	FALSE
CLAIM000548	EMP0548	Mrs. Jennifer James MD	HR	c459feed-054f-4782-82e6-43c349af50c2	14176.96	9/25/24	Hughes-Campos	SVC001	9/6/24 10:42	Paid	FALSE
CLAIM000033	EMP0033	Shane Howard	Finance	e19c45b1-c706-4b88-8efd-e181608e9d24	6956.85	10/6/23	Jackson and Sons	SVC003	6/21/23 0:22	Paid	FALSE
CLAIM000577	EMP0577	William Wagner	HR	d810473e-3d39-46fe-8df3-c81d781282a2	6732.95	10/9/24	Jones and Sons	SVC002	2/22/24 0:40	Paid	FALSE
CLAIM000340	EMP0340	Heidi Martinez	Operations	0859b76a-edaa-4de4-a569-e743f863fc8d	12809.09	3/22/25	Butler, Nelson and Simpson	SVC003	7/29/24 2:50	Approved	FALSE
CLAIM000217	EMP0217	Michael Evans	HR	bc917dbe-955d-456e-9022-97d759e0e176	2646.25	4/8/24	Castro Ltd	SVC003	6/15/24 18:59	Submitted	FALSE
CLAIM000542	EMP0542	Amanda Smith	Finance	df7af0a1-104f-4f75-8489-6989ef7f493c	5004.45	9/24/24	Stewart Inc	SVC004	2/17/24 3:36	Paid	FALSE
CLAIM000282	EMP0282	Erin Hutchinson	Operations	34ef2658-ac19-4672-8b3b-915f48222143	1145.7	1/12/24	Robles-Johnston	SVC001	8/14/24 15:15	Approved	FALSE
CLAIM000357	EMP0357	Jose Jones	Operations	0b0e9c9d-0ef0-4ada-82ca-5886f39e5f72	6758.16	9/14/24	Martin-Howe	SVC002	4/14/24 0:19	Approved	FALSE
CLAIM000529	EMP0529	Cristina Olsen	Operations	5a501326-2f96-4ee0-a35f-0b35078d62c8	10696.01	10/24/24	Smith and Sons	SVC004	5/19/25 5:00	Approved	FALSE
CLAIM000563	EMP0563	Eric Hayden DVM	Operations	7277aa3b-c65c-4a7b-93a5-262aa949fed6	13026.73	11/27/23	Olson LLC	SVC001	8/20/24 16:33	Paid	FALSE
CLAIM000381	EMP0381	Lindsay Holder	IT	5efe5fd3-852f-4d84-ad9e-ab66578a6dab	14576.26	8/27/23	Baxter Ltd	SVC001	10/31/24 18:24	Approved	FALSE
CLAIM000011	EMP0011	Mr. John Park	HR	2318f036-7ae5-4bb2-87a8-e0773cbd3569	2114.14	2/29/24	Davis-Reynolds	SVC002	1/27/24 23:37	Paid	FALSE
CLAIM000019	EMP0019	Jeremy Collins	Marketing	18d79623-8fde-4cda-9393-4d7919f4d1a8	9612.3	11/6/24	Burnett Ltd	SVC004	6/22/24 8:02	Paid	FALSE
CLAIM000162	EMP0162	John Mcdonald	Marketing	e7fa60d3-0519-41e3-a423-58b81bdc968b	8526.16	12/5/23	Flores, Baker and Woodard	SVC004	8/26/24 19:50	Approved	FALSE
CLAIM000521	EMP0521	Mackenzie Guerrero	IT	b2293189-22f1-4c11-ae8e-8abb84592bd9	13523.95	5/14/25	Daniel, Mendoza and Schwartz	SVC002	7/22/24 4:47	Approved	FALSE
CLAIM000360	EMP0360	Alexandra Hunter	Finance	e41b9534-dbaf-4348-a482-1f6925b34b78	2270.11	3/7/24	Buckley-Romero	SVC003	3/13/25 7:59	Approved	FALSE
CLAIM000059	EMP0059	Angela Cox	Finance	a0a80bb2-5b25-4ca4-9863-b1fcdc317967	3918.95	4/27/25	Murphy, Mcdonald and Hicks	SVC004	5/18/25 11:22	Approved	FALSE
CLAIM000148	EMP0148	Richard Oconnell MD	HR	56d7978f-10c4-4911-bb8c-d61715dde2f6	704.71	3/31/24	Palmer Inc	SVC002	8/16/24 16:31	Approved	FALSE
CLAIM000089	EMP0089	Jorge Ford	Operations	ab84ef62-5af3-4f27-8787-8b9ad441f025	17226.5	7/15/24	Washington, Gonzalez and Gilbert	SVC003	10/26/24 22:46	Submitted	FALSE
CLAIM000050	EMP0050	Melissa Jones	IT	33d523fd-2ba6-4d46-8c5c-c280cd7e2784	5132.25	5/16/25	Hernandez-Ruiz	SVC004	8/13/23 2:55	Approved	FALSE
CLAIM000621	EMP0621	David Bailey	Marketing	b3521258-a413-49fc-8193-390deadeddd1	14898.24	3/11/25	Sanders, Bailey and Moran	SVC004	4/2/25 11:37	Approved	FALSE
CLAIM000652	EMP0652	Andrea Allen	Finance	2934e7dc-e5c6-4721-9f4f-b68f83283a97	12104.04	1/5/25	Daniels, Gutierrez and Mays	SVC003	10/20/24 5:08	Approved	FALSE
CLAIM000655	EMP0655	Jose Lloyd	HR	fe676408-6e70-4c32-8dfa-fa72b943d700	8055.32	5/1/25	Marks, Guzman and Smith	SVC004	1/4/24 5:51	Approved	FALSE
CLAIM000099	EMP0099	Rachel Rice	Operations	6e03251b-7c08-469c-bc9d-d247d967e035	14935.31	5/27/24	Pena-Patel	SVC003	10/12/23 10:41	Approved	FALSE
CLAIM000543	EMP0543	Kimberly Rodriguez	IT	370d6c26-e0f9-48b9-8904-30207718bfe6	353.37	10/20/24	Howard Inc	SVC004	11/3/24 7:57	Approved	FALSE
CLAIM000390	EMP0390	Brady Walker	HR	f5903685-844c-43dc-8a1b-96d6501b3650	11830.04	10/25/23	Cruz, Harris and Collins	SVC003	2/10/24 17:35	Submitted	FALSE
CLAIM000180	EMP0180	Brenda Gardner	HR	1e830868-8236-4585-a00c-0e93bdc40c26	7544.71	4/23/25	Wilson PLC	SVC003	1/28/24 2:49	Submitted	FALSE
CLAIM000168	EMP0168	Angela Stevens	IT	83ad0655-3f51-4eb9-bc17-6b574d1bd403	1615.14	2/11/24	Johnson and Sons	SVC003	9/19/24 21:50	Paid	FALSE
CLAIM000348	EMP0348	Aaron Trujillo	Marketing	aeef677a-9080-47b7-97d8-6af25774b41c	8462.58	6/3/23	Patterson, Phelps and Park	SVC001	11/11/23 14:07	Approved	FALSE
CLAIM000203	EMP0203	Matthew Swanson	Finance	1a020bc7-b879-45ce-a332-7f3969f06b47	15256.35	8/6/24	Wilson-Lynch	SVC002	2/7/25 14:49	Submitted	FALSE
CLAIM000361	EMP0361	Crystal Summers	Operations	56142586-a979-45eb-8f79-a57f1406c0da	11960.02	12/31/23	Cole-Banks	SVC001	7/21/24 11:52	Submitted	FALSE
CLAIM000070	EMP0070	Thomas Turner	Marketing	929edcd5-80ab-4e7b-9697-6d27eb5fc99d	12775.43	8/19/24	Moyer-Hernandez	SVC002	6/9/23 13:20	Paid	FALSE
CLAIM000079	EMP0079	Karen Kelley	Marketing	c3d027fc-a60d-47a3-a6d6-241a959ef242	18515.2	1/2/25	Steele-Fox	SVC001	9/22/23 19:34	Submitted	FALSE
CLAIM000414	EMP0414	Michael Shepherd	Finance	302d0364-2cee-4a65-89a6-ae6c963f2bcc	9269.99	10/15/23	Burton, Allison and Davidson	SVC003	12/7/23 7:14	Submitted	FALSE
CLAIM000557	EMP0557	Chelsea Parsons	Operations	babcb876-63bb-43d1-8757-5e8a785d7942	1969.21	7/7/23	Proctor Inc	SVC004	11/15/23 5:52	Paid	FALSE
CLAIM000441	EMP0441	Matthew Jimenez	HR	0f4775d3-bc20-4ead-a85b-2d1df392bf5b	19181.91	12/3/24	Taylor Inc	SVC001	12/25/24 22:55	Submitted	TRUE
CLAIM000572	EMP0572	Nicole Cochran	Finance	737c0263-70e9-4b69-b653-6b6ca12e1129	17294.98	10/6/23	Phelps-Jones	SVC004	9/26/24 20:41	Submitted	FALSE
CLAIM000013	EMP0013	Richard Huff	IT	4c5abd88-2b4a-4088-be3f-4771345a590d	16117.23	10/8/24	Oneill PLC	SVC004	6/16/23 4:21	Submitted	FALSE
CLAIM000337	EMP0337	Stephanie Jones	Operations	df109189-a47c-4d65-8a49-defb9e020a7a	6729.33	3/19/25	Lyons, Rivera and Wilson	SVC001	5/10/25 7:53	Submitted	FALSE
CLAIM000693	EMP0693	Leah Fox	IT	0cd16a00-edde-4663-81ca-806f732814df	16187.32	9/19/24	Hughes, Anderson and Martinez	SVC001	2/1/25 4:16	Paid	FALSE
CLAIM000537	EMP0537	Robert Bradley	Finance	06c5588e-0e20-444e-b206-cf2757572eef	972.21	11/25/23	Smith, Perry and Anthony	SVC003	9/1/24 10:12	Approved	FALSE
CLAIM000326	EMP0326	Mark Kelly	HR	8111af39-d746-4e1d-909b-165dcca4ad06	6344.74	10/21/24	Parker Inc	SVC002	3/18/24 8:03	Submitted	FALSE
CLAIM000140	EMP0140	Martha Reeves	Operations	ac26c7c2-0cf0-4438-8d55-a0cc75203be9	14734.67	11/15/23	Jennings Ltd	SVC003	8/4/24 0:56	Submitted	FALSE
CLAIM000379	EMP0379	Kimberly Mckenzie	Finance	a09c1685-48bd-4ffd-b223-77338eaae787	15342.02	1/5/24	Gould Inc	SVC002	12/13/24 5:29	Paid	FALSE
CLAIM000534	EMP0534	Sharon Williams	IT	a03abbb6-1b49-490b-b581-4467c294995f	4505.77	12/11/23	Gordon Inc	SVC002	2/23/24 21:12	Submitted	FALSE
CLAIM000476	EMP0476	Robin Rowland	HR	5188ea59-ec24-454e-9c3b-e98d0fb7e779	9258.25	1/9/25	Taylor LLC	SVC003	6/30/24 15:25	Paid	FALSE
CLAIM000253	EMP0253	Nathan Paul	Operations	358d2615-5fa3-41b7-86e7-46fb1bb330a0	4590.4	8/17/23	Griffith Inc	SVC001	4/6/25 19:34	Submitted	FALSE
CLAIM000041	EMP0041	Kimberly Briggs	Operations	a5454e42-e0c7-4aa3-a6b4-76c9de589bfe	11504.91	2/22/25	Mckenzie, Palmer and Oneill	SVC004	2/14/24 9:42	Submitted	FALSE
CLAIM000547	EMP0547	Nicholas Miller	HR	de533abf-4df5-4546-a2c0-55dcf05a9847	1531.86	3/2/24	Haas PLC	SVC002	6/4/23 18:33	Submitted	FALSE
CLAIM000145	EMP0145	Alicia Sanford	IT	c2a92321-1158-4b31-abc4-9fa11426e731	3637.49	4/9/24	Rodriguez PLC	SVC002	3/23/24 13:30	Submitted	FALSE
CLAIM000355	EMP0355	Chad Blackburn	Marketing	a586a6d7-bc22-40cd-9855-89cde2c61275	12118.97	7/28/24	Hardin, Roach and Hicks	SVC002	10/6/23 12:52	Paid	FALSE
CLAIM000562	EMP0562	Mr. Philip Parker	Operations	815aef7c-e1b2-4048-a046-b3d516e8d3c0	11776.9	4/14/25	Brown-Carrillo	SVC002	5/17/25 8:01	Paid	FALSE
CLAIM000520	EMP0520	Jessica Ryan	Finance	b0e4c4ae-c75f-4c09-8197-b86711812f3b	8955.28	2/18/24	Carrillo-Jones	SVC003	8/29/24 7:48	Approved	FALSE
CLAIM000679	EMP0679	Bradley Flores	Marketing	d70d8890-3f6f-4cd6-b12f-6948a6117f21	15742.51	5/16/24	Sanchez Ltd	SVC004	5/20/25 5:28	Paid	FALSE
CLAIM000506	EMP0506	Kristina Gutierrez	Finance	240bbd8e-7472-4d18-be6d-c705953111ca	14585.36	8/24/23	Mitchell-Brock	SVC001	6/26/23 10:27	Submitted	FALSE
CLAIM000480	EMP0480	Dawn Vance	IT	1cfaf561-d35c-4dec-8b11-87fa2d96b671	18102.59	7/30/23	Delgado-Burke	SVC004	8/31/24 2:12	Submitted	TRUE
CLAIM000378	EMP0378	David Goodwin	Finance	509b496b-e1a8-42b1-aeb7-1b6cd79da410	19163.19	7/8/24	Brennan Inc	SVC001	6/21/24 7:23	Approved	FALSE
CLAIM000682	EMP0682	Julie Christensen	Operations	7d404498-3f78-4cac-a80c-e1cab546cb98	15621.45	10/19/24	Jones and Sons	SVC004	6/3/23 21:22	Approved	FALSE
CLAIM000170	EMP0170	James Hayes	Marketing	5874607f-a029-40d7-8466-247cdd7d2a73	12778.78	2/19/24	Perez, Wagner and Thompson	SVC003	5/30/25 5:42	Submitted	TRUE
CLAIM000204	EMP0204	Rodney Smith	HR	5d02b7b2-a02d-498d-a2bd-adf21d987728	804.28	7/27/23	Harrison, Crosby and Walton	SVC002	4/18/24 18:10	Approved	FALSE
CLAIM000042	EMP0042	William Yoder	Marketing	33a87be1-45f8-4a7f-936a-ec6067d949bf	2183.11	1/8/25	Whitney-Strickland	SVC001	9/26/23 18:23	Submitted	FALSE
CLAIM000373	EMP0373	Kendra Raymond	IT	0f074171-4ca3-4df5-b077-1e07b15cdce8	1703.45	11/21/24	Brady-Solis	SVC001	11/27/23 8:44	Paid	TRUE
CLAIM000516	EMP0516	Cody Cline	Marketing	ee18ae4f-d7e5-4e31-a006-a4d2fd6e0138	7754.9	7/28/24	Wilson-Smith	SVC001	6/17/24 20:50	Paid	FALSE
CLAIM000525	EMP0525	Gabrielle Dixon	Marketing	624257a6-8cc1-4518-8f81-506890fea0be	10951.76	5/30/25	Myers-Fisher	SVC001	1/11/25 15:34	Paid	FALSE
CLAIM000461	EMP0461	Nathan Martinez	HR	ca58cd8b-e6d3-456c-93c3-ffdcc607052e	9521.34	12/11/24	White Group	SVC004	4/15/24 11:07	Paid	FALSE
CLAIM000003	EMP0003	Kenneth White	Operations	336af3dd-d0c9-4d2d-8f38-18f883436f30	8860.26	2/4/25	Boyd and Sons	SVC002	10/6/24 22:30	Approved	FALSE
CLAIM000666	EMP0666	Thomas Blackwell	Operations	1d9d8676-3180-4f40-b22b-fb60abcc4959	5144.66	5/10/25	Perez, Harper and Johnson	SVC003	7/16/23 1:17	Paid	FALSE
CLAIM000613	EMP0613	Amanda Carter	Finance	ba96f73b-3cc1-4d7c-b58a-d61b26c51ddc	4129.86	6/7/23	Adams PLC	SVC001	5/17/25 7:19	Paid	FALSE
CLAIM000242	EMP0242	Joseph Blevins	Operations	e98e6125-b945-44a9-bd53-edecb22c5963	3180.37	11/18/23	Chang and Sons	SVC001	6/20/23 18:47	Submitted	FALSE
CLAIM000155	EMP0155	Jonathan Simpson	Finance	a76a17f2-b70b-457b-80f6-fc7cf26aa01e	10907.87	2/17/25	Lopez-Sanchez	SVC002	11/11/24 17:25	Submitted	FALSE
CLAIM000474	EMP0474	Maureen Coleman	Operations	63073a7e-0545-4c0e-9641-d615e07e8bff	12961	9/8/23	Newton LLC	SVC004	10/25/24 21:16	Approved	FALSE
CLAIM000464	EMP0464	Amanda Schroeder	Finance	c0465a12-d5e5-4397-83de-bd419d02a0a1	4445.02	2/5/25	Mcdonald LLC	SVC001	6/5/23 20:40	Submitted	FALSE
CLAIM000278	EMP0278	Haley Mcbride	Operations	7922374e-8655-4825-9f97-15ee4856840d	10918.34	7/18/23	Kaufman, Johnson and Taylor	SVC004	8/5/23 18:27	Submitted	FALSE
CLAIM000515	EMP0515	James Murphy	Finance	e591fc99-1f58-473e-995a-5fc7dd820a09	7325.27	4/11/24	Dixon-Stephenson	SVC001	12/19/23 4:01	Approved	FALSE
CLAIM000102	EMP0102	Aaron Hernandez	IT	8d50678a-a872-4358-addb-2ca351c862f7	15389.94	10/22/23	Brown-Murray	SVC003	10/20/23 16:16	Submitted	FALSE
CLAIM000590	EMP0590	John Johnson	Marketing	0db6d7c1-4a27-487d-94f7-cf6e821eb432	13520.31	7/1/23	Nelson and Sons	SVC003	7/1/23 6:14	Approved	FALSE
CLAIM000124	EMP0124	Shawn Jackson	IT	5327d02a-9d1c-4f26-a915-a6cb291237c8	13034.23	4/6/25	Taylor-Harper	SVC001	8/22/24 6:03	Paid	FALSE
CLAIM000614	EMP0614	Gina Rollins	Operations	2f8465db-0470-4e5b-b5c0-6441f028e9bc	17900.91	12/28/24	Leon, Chen and Williams	SVC001	3/22/24 20:58	Paid	FALSE
CLAIM000377	EMP0377	Daniel Koch	IT	30564079-d52d-4546-9613-393b6d117758	12490.86	4/13/25	Ramirez, Hernandez and Wolfe	SVC004	2/13/25 19:38	Submitted	FALSE
CLAIM000626	EMP0626	Cynthia Ramirez	Marketing	1b02f6bd-18a4-40aa-884e-d5476a5ad82c	18763.59	8/24/24	Nguyen, Burton and Smith	SVC001	4/29/25 19:34	Submitted	FALSE
CLAIM000637	EMP0637	Thomas Jimenez	Marketing	eedfc85d-b24f-4c72-8ffe-8b4d9e935e21	1898.59	6/13/23	Le, Stokes and Owen	SVC004	2/15/25 20:59	Submitted	TRUE
CLAIM000443	EMP0443	Melanie Thompson	Finance	22310d9f-da0c-4133-ac10-c3daa56fdbdc	19679.26	9/21/23	Lopez-Mullins	SVC003	1/22/24 18:33	Submitted	FALSE
CLAIM000036	EMP0036	Jennifer Mclean	Finance	c2582996-e900-4717-8a66-c3061c3c0aa3	13166.95	5/8/25	Murillo, White and Johnson	SVC001	5/14/24 23:46	Paid	FALSE
CLAIM000012	EMP0012	Nicole Thomas	IT	54a806c7-a5ff-4fd5-b95a-b1e48865dc1d	1937.94	1/11/24	Holt-Simon	SVC004	6/23/24 15:21	Submitted	FALSE
CLAIM000596	EMP0596	Robert Long	Marketing	39a6e50c-5ec8-4685-8200-3e0dd78cdb34	2996.1	2/2/25	Lynch, Anderson and Morrison	SVC003	8/1/24 0:02	Paid	FALSE
CLAIM000212	EMP0212	Kari Olson	Operations	089cff9b-fc94-458a-ab57-d441a2e27f92	4901.99	9/15/23	Bridges-Rosario	SVC003	12/12/23 3:06	Submitted	FALSE
CLAIM000187	EMP0187	Jeffrey Hickman	Finance	41f621f1-5a68-447a-ab9a-c4de45f37213	5396.03	11/20/23	Harmon Group	SVC001	8/18/23 8:30	Submitted	FALSE
CLAIM000371	EMP0371	Leon Soto	Finance	698ab599-763c-4a75-86b1-70a97f0b7fc5	18797.59	5/2/24	Bailey Ltd	SVC001	7/18/23 2:36	Paid	FALSE
CLAIM000207	EMP0207	Megan Yu	Operations	427c13bb-0b2a-4021-a90f-f7835e96e523	16402.38	12/20/23	Walter-Johnson	SVC004	4/24/24 12:30	Submitted	TRUE
CLAIM000113	EMP0113	Steven Lowery	Operations	c515ca0e-00d6-4504-805b-0d41a4e77443	13350.74	10/3/23	Knight-Turner	SVC004	7/18/23 11:44	Paid	FALSE
CLAIM000506	EMP0506	Kristina Gutierrez	Finance	240bbd8e-7472-4d18-be6d-c705953111ca	14585.36	8/24/23	Mitchell-Brock	SVC001	6/26/23 10:27	Submitted	TRUE
CLAIM000430	EMP0430	Toni Mccullough	Operations	db142e39-c047-4628-a3e7-25a10e534327	9558.34	4/26/24	Mercado, Hicks and Powell	SVC001	6/2/25 1:38	Paid	FALSE
CLAIM000650	EMP0650	Diane Perry	Marketing	802cb7d8-ec6d-4313-9333-cb24f9d44c55	8763.21	12/7/24	Ayala, Mejia and Miller	SVC004	6/4/23 4:44	Approved	TRUE
CLAIM000389	EMP0389	Danielle Mitchell	HR	ade04f14-bd98-41ef-8535-a776a3ef18bf	3816.4	2/19/24	Taylor-Gonzales	SVC003	2/11/24 20:49	Approved	TRUE
CLAIM000125	EMP0125	Daniel Padilla	Marketing	389b087e-f914-492c-90eb-9eb647985d9a	4867.66	1/11/25	Marshall, Best and Gibson	SVC002	11/10/24 18:05	Paid	FALSE
CLAIM000034	EMP0034	Kevin Stanley	Marketing	cbb45b76-0131-4c99-99c8-8202c9e973e6	14656.46	7/12/24	Perez-Gill	SVC002	1/4/25 20:27	Approved	FALSE
CLAIM000426	EMP0426	Nicole Jacobson	HR	a343b02c-f573-40f1-94e5-85b8802cd772	256.19	4/13/24	Mills-Hayes	SVC003	7/1/24 6:24	Paid	FALSE
CLAIM000619	EMP0619	Steven King	IT	7d04e41c-c300-4178-a12f-3a96af61f91f	7886.69	4/30/24	Williams Ltd	SVC002	4/18/24 4:04	Approved	TRUE
CLAIM000226	EMP0226	Helen Bradshaw	HR	a11359a3-58b4-4a59-b9f9-bfdc12de466e	2394.77	11/4/24	Wright, Craig and Harper	SVC002	3/12/25 23:24	Submitted	FALSE
CLAIM000405	EMP0405	Adam Hawkins	HR	201d4236-f5c2-4e30-bc8c-1d3c8b80f742	5192.67	12/24/23	Owens, Lopez and Eaton	SVC002	8/30/24 20:51	Paid	FALSE
CLAIM000132	EMP0132	Darryl Robinson	HR	3eff31fa-1bc7-464d-a662-d27dac7281d6	1132.48	2/14/24	Rogers-Kirk	SVC003	7/18/23 15:21	Submitted	FALSE
CLAIM000094	EMP0094	Micheal Collier	IT	cabcf1ef-413d-4b7e-abc6-aa5d7ecdd466	10110.17	2/13/24	Powell-Solis	SVC004	4/9/24 6:45	Submitted	FALSE
CLAIM000583	EMP0583	Grace Butler	Finance	a5b22afe-35e6-4843-927b-900584af76d7	12219.94	12/13/23	Martinez, Powell and Martinez	SVC003	8/14/23 12:57	Approved	FALSE
CLAIM000119	EMP0119	Larry Meyer	IT	6236f827-4d78-4539-84cc-3ff647927928	1601.12	6/5/24	Howell and Sons	SVC001	3/30/25 10:59	Paid	FALSE
CLAIM000290	EMP0290	Ronald Lee	HR	96b2c75e-f27e-474f-9322-e8e59071206a	15037.73	5/8/25	Rangel-Lewis	SVC003	10/12/23 0:17	Approved	FALSE
CLAIM000603	EMP0603	Steven Morris Jr.	Finance	735c3d1b-80ab-48ff-a5fe-31658ab0103d	13747.35	3/26/25	Cherry-Dawson	SVC001	2/21/24 20:23	Paid	FALSE
CLAIM000396	EMP0396	William Torres	Finance	21302db2-5bb8-493b-abce-69adfce8dff7	12088.93	4/17/24	Campbell LLC	SVC002	5/24/24 14:19	Paid	FALSE
CLAIM000389	EMP0389	Danielle Mitchell	HR	ade04f14-bd98-41ef-8535-a776a3ef18bf	3816.4	2/19/24	Taylor-Gonzales	SVC003	2/11/24 20:49	Approved	FALSE
CLAIM000581	EMP0581	Cameron Smith	Operations	dd8c943c-0825-4298-a954-da8cd944d0f9	6030.2	1/12/25	Stewart-Carlson	SVC004	8/14/24 6:09	Approved	FALSE
CLAIM000609	EMP0609	Caitlin Roman	IT	7e27630e-7c45-43d2-8661-14340aa4e250	15386.41	12/27/24	Monroe and Sons	SVC004	8/30/23 22:45	Approved	FALSE
CLAIM000665	EMP0665	Nicole Sullivan	Finance	c367b5a5-09aa-4ddb-896b-e43916d2101e	1497.98	6/6/24	Prince LLC	SVC003	3/18/24 21:06	Submitted	FALSE
CLAIM000244	EMP0244	Matthew Hawkins	Finance	934472f1-dd64-4320-baaf-ecfbdc442a03	14376.09	6/21/24	Dawson, Joseph and Mccullough	SVC001	9/22/24 4:31	Approved	FALSE
CLAIM000510	EMP0510	Brittany Cervantes	IT	321c0cca-7f4e-4ceb-9666-8ce4a79fbe96	11876.35	10/16/23	Miller and Sons	SVC002	3/2/25 6:00	Approved	FALSE
CLAIM000208	EMP0208	Natasha Robinson	Operations	05ffadaf-1ba3-4e69-97ce-f07afd1f5a5b	14880.48	4/12/25	Wells, Sanchez and Harrison	SVC002	12/13/24 12:07	Paid	FALSE
CLAIM000607	EMP0607	Benjamin Rivera	Operations	133de532-2beb-4b48-a268-e54d3ebdaeaa	19238.95	5/16/24	Boyd, Lindsey and Mccarthy	SVC004	3/7/25 19:55	Approved	FALSE
CLAIM000146	EMP0146	Vanessa Boyer	Marketing	f6685b0d-0b75-483c-9349-4d8c4ccee3b5	2424.91	1/28/25	Mayo Group	SVC004	3/14/25 15:32	Approved	FALSE
CLAIM000545	EMP0545	Kelly Smith	IT	a1135a3b-8235-4f21-8b16-5e5bf2b646ec	10785.39	9/27/23	Baker PLC	SVC004	2/20/24 13:02	Submitted	FALSE
CLAIM000691	EMP0691	Sydney Moore	Marketing	2a122540-febc-449e-8e69-358499e09a57	14527.03	6/17/24	Nguyen-Bender	SVC001	3/5/24 13:50	Submitted	FALSE
CLAIM000120	EMP0120	Jeremy Morales	Marketing	6358ee48-d5db-4f64-8c86-b4210189a767	4773.2	8/17/24	Flores-Moore	SVC003	3/3/25 9:02	Approved	FALSE
CLAIM000387	EMP0387	Brooke White	Operations	3a61bfe8-9aa4-4fd3-9611-36142b40aa99	18121.67	6/28/24	Martinez-Stewart	SVC003	5/16/24 8:45	Submitted	FALSE
CLAIM000085	EMP0085	Elizabeth Aguilar	HR	3391da50-2050-4939-9200-ea8002d97d28	14152.02	6/15/23	Carlson, Graham and Daniels	SVC001	4/7/25 16:53	Approved	FALSE
CLAIM000310	EMP0310	Mr. Jeffery Terry	Finance	9cd3910c-2b81-4d14-9499-04a4b90b4b53	18196.37	5/3/24	Morris-Howard	SVC002	8/25/23 19:16	Paid	FALSE
CLAIM000249	EMP0249	Christian Davis	IT	c6bc362b-e6e7-4bfa-ab41-5c4a8930da63	5103.54	8/2/24	Foley-Jordan	SVC004	3/1/25 6:05	Paid	FALSE
CLAIM000172	EMP0172	Donna Briggs	HR	c2ceb24f-2d46-4f76-84d9-b26182d85e29	3812.51	12/18/24	Juarez and Sons	SVC002	8/4/24 20:54	Paid	FALSE
CLAIM000574	EMP0574	Ronald Gonzalez	HR	c6b460df-ecee-4026-83d0-69038b23dfcc	4755.37	1/2/25	Rocha, Wheeler and Williamson	SVC001	6/12/24 13:34	Paid	FALSE
CLAIM000341	EMP0341	Mrs. Crystal Roth	Finance	904c65ee-8f7c-44b9-8840-7dada8782c0a	3562.74	4/12/24	Rhodes-Brooks	SVC003	11/17/24 18:58	Approved	FALSE
CLAIM000111	EMP0111	Amanda Drake	Marketing	0dd9d141-edf5-4f4a-96ba-783a9e56d018	16807	11/23/24	Bowers, Keller and Lee	SVC004	7/27/24 18:00	Paid	FALSE
CLAIM000063	EMP0063	Priscilla Tyler	Marketing	0caa59e2-014c-4265-a4a5-8beaa57c948c	14922.42	11/7/23	Thomas-Sanchez	SVC004	10/23/24 20:22	Approved	FALSE
CLAIM000425	EMP0425	Patricia Glenn	Finance	3df79f83-9b31-467a-b142-246d677ea467	7430.73	4/28/25	Turner, Walton and Nguyen	SVC001	1/9/25 8:14	Paid	FALSE
CLAIM000302	EMP0302	Theresa Sullivan	HR	0fd6baa2-4a5a-48e9-b332-beebebdca3ab	19525.79	1/10/24	Wilcox LLC	SVC001	1/17/25 19:54	Paid	FALSE
CLAIM000393	EMP0393	Brenda Rose	Operations	6043d9d2-eeea-4e1e-87d5-313974a0ef91	19929.8	8/8/24	Cunningham, Wilson and Lewis	SVC001	10/21/24 4:17	Paid	FALSE
CLAIM000383	EMP0383	William Pearson	IT	763a511a-c5a2-42cb-a020-21b952f1087e	18212.26	3/10/25	Levy LLC	SVC003	5/6/24 7:14	Approved	TRUE
CLAIM000351	EMP0351	Joshua Fitzgerald	Marketing	6a6e51e9-b067-4343-8d59-bdc103729708	8563.5	10/8/23	Daniels, Summers and Berry	SVC001	5/5/24 11:37	Submitted	FALSE
CLAIM000020	EMP0020	Kathleen Jones	HR	96cf8236-394e-4a7e-b11a-9231874dcc9c	16741.1	3/3/25	Wright-Mckee	SVC003	5/9/24 10:51	Submitted	FALSE
CLAIM000122	EMP0122	Aaron Butler	Operations	207434dd-34df-441e-9c4d-41b0e34e751e	15180.98	3/23/24	Mcdonald, Peters and Owens	SVC004	8/13/24 12:43	Submitted	FALSE
CLAIM000627	EMP0627	Thomas Irwin	IT	c15bad39-32c2-42c1-9ecd-0d7d743767b0	19625.46	4/14/25	Sullivan Group	SVC004	5/24/24 3:27	Paid	FALSE
CLAIM000526	EMP0526	Jordan Cain	HR	b36bc34b-4612-4e7d-a715-207f53be98ad	7859.26	2/8/25	Jones-Berg	SVC001	3/8/24 12:25	Submitted	FALSE
CLAIM000220	EMP0220	Teresa Allen	Finance	24194856-569a-417f-a2a0-2b5a75111169	19789.96	12/23/23	Brown LLC	SVC001	2/8/24 21:55	Paid	FALSE
CLAIM000077	EMP0077	Andre Alexander	Marketing	ba5a35bf-3d91-4079-9194-be1b425d54b0	10497.77	7/24/24	Knight, Mccarthy and Reyes	SVC003	10/1/24 14:18	Paid	FALSE
CLAIM000196	EMP0196	Renee May	IT	239c8a33-02d7-4028-8827-12d15efa2697	15876.82	3/4/24	Smith, Martin and Morgan	SVC002	10/31/24 11:42	Submitted	FALSE
CLAIM000301	EMP0301	Kathleen Thompson	IT	addb3faf-2e15-4156-ae3e-e8ec8ad12c23	8443.39	3/24/24	Mclaughlin LLC	SVC001	2/23/24 8:52	Paid	FALSE
CLAIM000637	EMP0637	Thomas Jimenez	Marketing	eedfc85d-b24f-4c72-8ffe-8b4d9e935e21	1898.59	6/13/23	Le, Stokes and Owen	SVC004	2/15/25 20:59	Submitted	FALSE
CLAIM000509	EMP0509	Kyle Wu	IT	79cc121a-62f9-477c-b985-dbc12504815d	17992.78	5/17/25	Bell and Sons	SVC002	11/3/24 23:43	Paid	FALSE
CLAIM000380	EMP0380	Karen Taylor	HR	43018fd0-45d8-4aa5-bd50-70188f71c0dc	2119.68	11/23/24	Sandoval, Mendez and Bishop	SVC003	11/29/24 9:44	Approved	FALSE
CLAIM000406	EMP0406	William Robertson	HR	514c99c6-2fd3-4ed5-bcd5-3bfd4258bc38	4392.28	10/10/24	Taylor LLC	SVC002	12/14/23 0:17	Paid	FALSE
CLAIM000440	EMP0440	Elizabeth Stevens	Operations	ecf81ada-1d4e-4fb0-b290-51436d8856de	9700.26	3/10/25	Diaz-Valentine	SVC003	9/8/23 15:05	Approved	FALSE
CLAIM000511	EMP0511	Matthew Boyd	Finance	157537b4-b99c-4024-b3b7-7fbfa10d763d	1941.85	11/16/24	Ward, Young and Holmes	SVC004	5/23/24 7:56	Approved	FALSE
CLAIM000022	EMP0022	Ashley Howard	IT	c05cf8d2-0cc6-491c-bd4c-7e1ef1f55d8a	2221.01	12/4/24	Moore and Sons	SVC004	3/7/24 2:20	Approved	FALSE
CLAIM000017	EMP0017	Melissa Heath	Operations	623630ad-46ed-49ec-a3b8-896ad3537b9e	6471.2	6/19/23	Munoz, Johnson and Long	SVC002	8/27/23 6:58	Approved	FALSE
CLAIM000413	EMP0413	Lindsey Ingram	Marketing	8e148769-5e10-4db3-8c4c-b39dac6e21c2	12758.71	3/31/25	Chapman LLC	SVC003	9/1/23 15:31	Approved	FALSE
CLAIM000072	EMP0072	Kathryn Hart	IT	7c91df78-3e66-4a16-861b-ccd555757261	7435.17	3/19/24	Turner-Miller	SVC004	3/2/25 2:58	Approved	FALSE
CLAIM000661	EMP0661	William Johnson	Operations	133fdbdd-e2da-493e-8b7b-cc61f412a7f0	17146.47	7/26/23	Barnes, Hobbs and Wiggins	SVC002	3/27/25 16:33	Paid	FALSE
CLAIM000422	EMP0422	Dennis Cross	Operations	8b88ab63-f814-41bb-8ae2-6b6e499d6e67	7468.66	8/9/23	James Ltd	SVC001	9/20/24 3:24	Approved	FALSE
CLAIM000644	EMP0644	Dillon Dodson	Marketing	aabcde2d-4e7f-46a4-9181-601b6e8aba1b	16030.84	6/20/24	Long-Odonnell	SVC003	6/2/25 0:03	Submitted	FALSE
CLAIM000135	EMP0135	Michael Boyd	Operations	9452ecbe-c525-4964-bef1-0a25edb94af1	5459.44	1/22/25	Jimenez, Carr and Smith	SVC001	1/28/24 13:40	Approved	FALSE
CLAIM000566	EMP0566	Nicole Moore	IT	68a7c9f9-9834-4590-8993-5a822383acf2	12993.01	5/23/25	Graham-James	SVC002	11/3/23 4:43	Submitted	FALSE
CLAIM000551	EMP0551	Sara Erickson	Finance	ac0d391f-d2db-4855-819f-26bf323c6f93	10095.18	5/1/25	Rodriguez and Sons	SVC001	11/17/23 12:34	Submitted	FALSE
CLAIM000188	EMP0188	Elizabeth Moore	Finance	8e49da45-cff9-4c29-8696-55f756328d2e	6429.77	7/30/23	Brown-Farmer	SVC003	5/19/25 12:44	Approved	TRUE
CLAIM000374	EMP0374	Daniel Griffin	Operations	1cd7fb6f-c87a-47f4-a499-b20c540f7537	4717.09	4/2/24	Rivera, Richmond and Baker	SVC003	12/28/23 9:47	Approved	FALSE
CLAIM000662	EMP0662	Michelle Lucas	Marketing	e9ca384b-7690-4658-adda-cd4ef77c7717	9232.96	12/29/23	Beck, Murillo and Humphrey	SVC002	12/31/24 21:24	Submitted	FALSE
CLAIM000650	EMP0650	Diane Perry	Marketing	802cb7d8-ec6d-4313-9333-cb24f9d44c55	8763.21	12/7/24	Ayala, Mejia and Miller	SVC004	6/4/23 4:44	Approved	FALSE
CLAIM000283	EMP0283	Chris Wells	IT	2035ce1e-1e19-434c-a7ce-ea2a2f379ebc	10991.99	4/15/24	Jackson, Hanna and Martin	SVC001	10/9/23 2:57	Paid	FALSE
CLAIM000060	EMP0060	Mrs. Cassidy Miller	Marketing	553cc82b-e044-4f50-9af8-91a228b7e885	7419.5	10/16/23	Miller, Cowan and Ferguson	SVC004	10/15/23 12:56	Approved	FALSE
CLAIM000264	EMP0264	Jeanne Harrison	HR	82f1cb6f-d70a-4368-a0e4-963d3e362032	13530.79	12/14/23	Farrell Group	SVC004	11/25/24 11:39	Approved	FALSE
CLAIM000490	EMP0490	Christian Wang	HR	c65ec3d1-71c7-425d-8d72-a6dda7d4eeba	2376.64	3/2/24	Gonzalez PLC	SVC001	1/19/24 11:49	Approved	FALSE
CLAIM000685	EMP0685	Laura Nicholson	IT	9f0530ea-e821-4fb8-917a-6c3497bfa56b	739.05	7/8/23	Jones, Johnson and Brown	SVC002	5/21/24 14:53	Paid	TRUE
CLAIM000648	EMP0648	Elizabeth Parker	Operations	cb8bf69a-a6b8-45e4-af68-6df7db70a8f7	10890.86	10/28/23	Gill-Burns	SVC004	11/6/23 17:50	Approved	FALSE
CLAIM000592	EMP0592	Antonio Austin	HR	b9c2ea70-146a-467d-b07a-a35a754e8f8a	19915.72	11/17/24	Waters-Roth	SVC002	6/26/24 18:51	Submitted	FALSE
CLAIM000261	EMP0261	Eric Johnson	Marketing	c2ceae92-7ad5-4c86-b50a-acc26244f96b	13703.81	1/7/24	Kelly-Phillips	SVC001	10/19/24 12:02	Submitted	FALSE
CLAIM000235	EMP0235	Keith Bullock	HR	2cd2e11b-2126-4f04-85b1-aa9d160c0ee9	4571.44	5/17/24	Martinez-Dean	SVC001	8/22/24 9:50	Submitted	FALSE
CLAIM000188	EMP0188	Elizabeth Moore	Finance	8e49da45-cff9-4c29-8696-55f756328d2e	6429.77	7/30/23	Brown-Farmer	SVC003	5/19/25 12:44	Approved	FALSE
CLAIM000224	EMP0224	Victoria Lindsey	IT	0b55472c-d939-4441-aa07-cea7db1b6763	2954.18	3/16/25	Lane, Harris and Rivas	SVC003	11/17/23 23:08	Submitted	FALSE
CLAIM000538	EMP0538	Laura Jones	IT	91532535-d50b-4d25-bcfc-ab74dd6bc909	6698.17	8/6/24	Ramirez-Farmer	SVC003	12/17/24 13:37	Submitted	FALSE
CLAIM000117	EMP0117	Marcus Estrada	HR	0bc31134-f726-4682-91db-3e020ab9843d	12867.24	8/28/23	Blankenship-Merritt	SVC001	8/14/23 22:07	Submitted	FALSE
CLAIM000292	EMP0292	Mark Robinson	IT	4b4df062-0281-4509-8d1a-ac9828ad3f5a	14653.02	8/4/23	Booker, Hernandez and Hinton	SVC004	11/5/24 19:31	Submitted	FALSE
CLAIM000560	EMP0560	Allen Pratt	IT	a4722c03-dffd-4fac-bf96-b799e7878e63	916.72	3/19/25	Cox, Love and Krause	SVC001	8/10/23 13:15	Submitted	FALSE
CLAIM000472	EMP0472	Melinda White	Finance	83058c6b-6d04-4789-8a68-95a42044aa80	5477.75	1/11/24	Juarez, Hernandez and Blackburn	SVC001	7/30/23 4:30	Approved	FALSE
CLAIM000587	EMP0587	Carlos Knight	IT	4518cf29-529c-4286-b9ec-5503b8d33107	14562.99	6/27/23	Gross-Armstrong	SVC002	3/13/24 12:00	Submitted	FALSE
CLAIM000659	EMP0659	Ashley Guerrero	Operations	f29332d1-c00c-4099-a70f-463e76f0050f	5116.69	1/16/25	Castillo Group	SVC003	1/15/24 7:59	Approved	FALSE
CLAIM000437	EMP0437	Gabrielle Miles	Operations	94d4ed4e-984b-479b-905a-bd137b96ee4e	18291.94	2/19/24	Mills-Rice	SVC002	11/22/24 11:35	Approved	FALSE
CLAIM000343	EMP0343	Brittney Robinson	Operations	fcd781be-87f5-48f2-af3b-4387418cd2a7	14622.45	5/25/25	Weaver PLC	SVC002	5/11/24 3:33	Approved	FALSE
CLAIM000695	EMP0695	Jeremy Cruz	Finance	2a869cda-6775-42d8-936c-e25343ec4950	9659.07	12/15/24	Shea, Oconnell and Robinson	SVC003	8/8/24 17:51	Paid	FALSE
CLAIM000457	EMP0457	Monica Haley	HR	5c782bcd-4a5c-4824-be8f-b78fb7b6509a	14685.1	12/1/23	Carey, Guerra and Randall	SVC003	5/15/25 11:11	Submitted	FALSE
CLAIM000035	EMP0035	Brittany Woods	Finance	a6c372a1-3f0b-4e34-b50d-9fe448b45589	1547.16	1/19/25	Walsh-York	SVC002	7/8/24 23:17	Submitted	FALSE
CLAIM000114	EMP0114	Rachael Summers	HR	c6acc0d3-a6b1-4e21-b7b9-b4c7745db3a0	14054.32	8/29/23	Long-Moreno	SVC003	5/30/24 9:12	Approved	FALSE
CLAIM000052	EMP0052	Roberta Hamilton	Marketing	1fe55234-48a8-4538-a570-386a703a513b	17188.27	10/21/24	Scott-Allen	SVC004	3/23/25 22:27	Submitted	FALSE
CLAIM000186	EMP0186	Mr. Sergio Fox IV	Marketing	9731206d-3540-4fc5-9e20-b13e9383ad77	19351.44	3/24/24	Mcintyre-Santana	SVC001	6/15/24 0:23	Submitted	FALSE
CLAIM000179	EMP0179	Victoria Garcia	Finance	28c0f7d2-41af-494b-952d-2ee0c34be24d	9992.79	11/17/23	Bauer Group	SVC003	5/28/24 3:47	Submitted	FALSE
CLAIM000586	EMP0586	Brenda Holt	Operations	a497a903-77a4-41b1-9618-29cdbd7af4c5	14200.57	12/21/24	Hernandez Ltd	SVC004	6/26/24 1:23	Approved	FALSE
CLAIM000633	EMP0633	Kelly Woodard	HR	467387e8-f118-4371-bbea-b9e6b2d60376	15172.1	4/20/24	Le, Spencer and Davis	SVC002	8/24/23 0:57	Paid	FALSE
CLAIM000254	EMP0254	Lori Lee	Finance	93045ac4-dd16-423c-9e9e-d13e768d52f1	3682.74	10/15/24	Leblanc Group	SVC001	10/5/24 15:18	Submitted	FALSE
CLAIM000115	EMP0115	David Paul	Marketing	a677f018-6406-49fd-87c8-13ebabb5e8e8	11997.94	3/11/24	Garcia, Simmons and Scott	SVC002	4/22/24 0:52	Approved	FALSE
CLAIM000243	EMP0243	Robert Christensen	Marketing	1745d6e3-4698-483c-a2d1-517b12319860	12137.94	11/27/23	Rodriguez, Mayer and Welch	SVC003	10/27/24 19:19	Paid	FALSE
CLAIM000144	EMP0144	Melvin Burke	Operations	0ed71a03-df91-4eaa-a23d-16eabaec103d	10936.27	9/26/23	Johnson-Rogers	SVC003	2/15/24 18:47	Paid	FALSE
CLAIM000549	EMP0549	Misty Thomas	Marketing	f1d4ef3b-e669-4e70-b0fa-2ad8f66589f5	18344.85	12/3/23	Campos and Sons	SVC002	9/10/24 9:35	Approved	FALSE
CLAIM000101	EMP0101	Dawn Joseph	HR	4477c188-aff6-46b7-bc50-d00f21ce1af8	9247.64	10/22/23	Harvey Ltd	SVC001	10/16/23 14:56	Submitted	FALSE
CLAIM000453	EMP0453	Amanda Harvey	Operations	85298da5-9288-4299-99f5-e67beff3e26d	158.26	1/22/24	Moore-Boone	SVC002	5/12/25 12:57	Approved	FALSE
CLAIM000421	EMP0421	Ronald Rodriguez	Marketing	e3e454f2-8d5e-4113-9742-364dfb97e79f	16114.21	2/1/25	Mendez-Goodman	SVC001	10/3/24 13:41	Approved	FALSE
CLAIM000143	EMP0143	Cody Miller	Operations	7f394cbe-0365-4174-9d2a-4ce5a72759c5	8878.66	8/27/23	Bartlett-Rojas	SVC004	5/17/24 17:08	Submitted	FALSE
CLAIM000282	EMP0282	Erin Hutchinson	Operations	34ef2658-ac19-4672-8b3b-915f48222143	1145.7	1/12/24	Robles-Johnston	SVC001	8/14/24 15:15	Approved	TRUE
CLAIM000056	EMP0056	Thomas Woods	HR	812a0ee9-e6f2-4172-be82-3aeba6a046f8	9728.53	5/31/25	Mckay-Santos	SVC001	3/13/25 7:53	Submitted	FALSE
CLAIM000128	EMP0128	Michael Stevens	Finance	4ea45ef9-88fd-4cd1-a2db-8a5ae84bf8ab	12274.09	2/14/25	Hines, Tran and Brown	SVC001	3/30/24 11:34	Approved	FALSE
CLAIM000267	EMP0267	Brent Tapia	Finance	2324562a-2dd7-4f2b-80f6-c195f9d820ac	2493.54	8/13/24	Gill, Mitchell and Ryan	SVC002	4/1/25 0:01	Paid	FALSE
CLAIM000216	EMP0216	Tonya Fitzpatrick	HR	c28af7c1-3e77-4bcf-9107-1668e49e0599	4573.56	11/19/23	Davis-Rojas	SVC004	7/16/23 2:07	Paid	FALSE
CLAIM000300	EMP0300	Jacob Guerra	IT	9ed78557-74c1-4843-a197-f98a8148373a	15077.79	8/9/24	Allen Ltd	SVC002	7/8/23 14:33	Paid	FALSE
CLAIM000504	EMP0504	Lisa Pham	HR	814563bd-67cf-4c5a-967e-23370b89aeeb	5635.78	5/20/24	Smith-Soto	SVC001	4/8/25 10:08	Paid	FALSE
CLAIM000154	EMP0154	Francis Cox	Marketing	42da7756-6791-4df1-a4ad-746b155abba3	4352.96	8/8/24	Cruz-Romero	SVC004	6/14/24 7:25	Approved	FALSE
CLAIM000064	EMP0064	Ashley Hawkins	Operations	773f64fa-da56-4d6e-8ef5-072cb1399e8b	19366.85	5/5/25	Johnson, Collins and Payne	SVC003	10/20/24 12:38	Submitted	FALSE
CLAIM000207	EMP0207	Megan Yu	Operations	427c13bb-0b2a-4021-a90f-f7835e96e523	16402.38	12/20/23	Walter-Johnson	SVC004	4/24/24 12:30	Submitted	FALSE
CLAIM000076	EMP0076	Denise Johnson	HR	d25a19a9-906b-4ccc-8ea0-b6f6be2b853c	555.86	5/10/25	Mueller-Delacruz	SVC004	5/2/24 23:54	Approved	FALSE
CLAIM000093	EMP0093	Rachel Adams	HR	25af5c36-f5d8-42d7-968f-0afc2749c6f2	2000.84	10/9/24	Mitchell-Lee	SVC002	7/10/24 1:25	Approved	FALSE
CLAIM000358	EMP0358	Gary Simmons	Marketing	39ec9a71-3705-47a5-8148-a21cf908e93b	18007.57	7/4/23	Thompson-Torres	SVC001	11/17/24 21:54	Paid	FALSE
CLAIM000611	EMP0611	Patricia Baker	Marketing	8f15eb52-3468-4136-b2f1-39c7ba945e24	9634.05	8/4/23	Ramos LLC	SVC004	1/29/25 0:46	Submitted	FALSE
CLAIM000678	EMP0678	Connie Moore	IT	f04416c5-0146-44ff-89f5-d8f43e91e014	11385.94	4/14/24	Henderson LLC	SVC001	1/7/24 18:33	Approved	FALSE
CLAIM000658	EMP0658	Jose Lee	HR	e86504ce-1744-453e-aec0-a695edc0e31d	15269.1	5/22/24	Zavala Ltd	SVC002	8/12/24 5:52	Approved	FALSE
CLAIM000123	EMP0123	Natalie Hess	Marketing	1f73d88d-88f9-4f14-aae9-e13719e67306	7474.6	10/19/23	Kennedy-Wolfe	SVC001	12/8/24 16:56	Approved	FALSE
CLAIM000508	EMP0508	Jenny Gibson	IT	c73a0028-c44a-45df-b109-19737001834a	19102.09	1/20/24	Michael-Foster	SVC002	9/25/23 16:04	Approved	FALSE
CLAIM000427	EMP0427	Philip Turner	Operations	9b5f5fb2-271a-4874-8103-2e16200ca4ce	17327.47	10/26/23	Johnson PLC	SVC001	12/28/24 4:19	Approved	TRUE
CLAIM000619	EMP0619	Steven King	IT	7d04e41c-c300-4178-a12f-3a96af61f91f	7886.69	4/30/24	Williams Ltd	SVC002	4/18/24 4:04	Approved	FALSE
CLAIM000294	EMP0294	Katherine Guerrero	Operations	3ed6c028-f817-4c2e-82ef-2848de1d5234	9478.02	7/27/24	Rios, Garner and Hester	SVC004	4/13/24 22:38	Submitted	FALSE
CLAIM000275	EMP0275	Mary Simmons	IT	7ade572a-90bd-4a40-91b5-e50b1e4c7c80	16815.66	3/9/24	Hernandez-Lam	SVC004	6/3/23 21:46	Approved	FALSE
CLAIM000635	EMP0635	Brian Burke	Operations	b5a33752-e960-4d89-872c-34e11d3334cb	3596.2	4/6/25	Byrd, Morales and Crawford	SVC002	6/28/24 0:30	Paid	FALSE
CLAIM000544	EMP0544	Michael Sutton	Finance	de84b290-c990-4b54-94e4-4600d927be25	15407.25	2/28/25	Taylor PLC	SVC003	10/3/23 9:57	Paid	FALSE
CLAIM000514	EMP0514	Jennifer Harris	Operations	81d0467a-9fc7-43a7-9cf4-3a422f70d328	11036.3	12/31/23	Smith-Abbott	SVC004	7/16/23 17:43	Submitted	FALSE
CLAIM000073	EMP0073	Christopher Bradley	Operations	10fa99ad-3837-4080-947b-62b757dd3bf3	18308.4	4/8/24	Myers-Powell	SVC001	10/4/24 16:30	Submitted	FALSE
CLAIM000273	EMP0273	Daniel Martin	IT	c1dda268-1b91-467d-9993-06e58a85db81	10710.27	8/8/24	Johnson Inc	SVC001	1/23/25 20:38	Approved	FALSE
CLAIM000289	EMP0289	Amy Jefferson	Marketing	804ec3a0-9e50-4ca8-8fc7-1c344dc5adf1	4622.53	10/13/24	Khan, Stephenson and Hunt	SVC001	2/25/24 9:02	Submitted	FALSE
CLAIM000313	EMP0313	Mrs. Christina Campbell	HR	1c58a3d1-2038-456e-a7af-09e4347e7824	153.62	6/6/24	Johnson, Cortez and Cruz	SVC004	2/4/25 0:36	Submitted	FALSE
CLAIM000321	EMP0321	Jose Anderson	HR	3962ac25-b572-4b31-81fe-1d479fa451b0	19670.64	1/19/24	Chang-Santos	SVC003	2/19/25 8:39	Approved	FALSE
CLAIM000108	EMP0108	Candice Morris	Finance	1b0bdea7-e44d-46c4-9819-ed3ce08436cc	5382.03	9/9/23	Montgomery Inc	SVC003	6/23/24 7:10	Approved	FALSE
CLAIM000585	EMP0585	Amy Duncan	HR	5744a429-a9eb-416b-98f1-5ed18b4ee2f2	13116.49	3/16/25	Fisher-Cook	SVC001	8/5/24 5:16	Submitted	FALSE
CLAIM000700	EMP0700	Keith Moss	HR	948782cd-d38e-4be0-aceb-41f8a972367d	17468.41	7/19/23	Kirby-Moyer	SVC002	9/27/23 5:21	Paid	FALSE
CLAIM000121	EMP0121	Thomas Clark	IT	87a06f3d-96ae-4f6f-b117-585316f7961b	1270.02	12/26/24	Cooper, Munoz and Washington	SVC002	6/22/24 1:16	Paid	FALSE
CLAIM000311	EMP0311	Kathleen Brown	IT	0dd2ae37-f612-4921-8b41-e0331c257bcc	6998.19	12/13/23	Rivera Ltd	SVC001	1/12/25 21:20	Submitted	FALSE
CLAIM000503	EMP0503	Matthew Pierce	HR	98dd7059-149e-474e-bc8a-26a987acf67d	1879.4	5/23/24	Barber-Barrett	SVC002	2/20/25 4:48	Submitted	FALSE
CLAIM000105	EMP0105	Roger Brady	Finance	d2929ccc-affa-490b-b79a-a0cc334f37ad	13327.78	10/18/23	Quinn, Zimmerman and Walker	SVC002	2/19/25 5:36	Approved	FALSE
CLAIM000318	EMP0318	Timothy Williams	Finance	1f0e60db-0746-4694-ba07-eabe65cd3695	18294.09	2/19/24	Hopkins, Griffin and King	SVC004	6/30/23 0:26	Submitted	FALSE
CLAIM000015	EMP0015	Elizabeth Walker	Finance	14ad1884-acf8-451f-a877-6e0c2cee6ca2	524.5	8/24/23	Rangel-Richardson	SVC004	5/25/24 19:22	Submitted	FALSE
CLAIM000246	EMP0246	James Moreno	HR	f777305c-3899-4355-9322-7af11c37f899	9193.41	2/6/25	Boyd, Anderson and James	SVC002	8/5/24 14:34	Submitted	FALSE
CLAIM000023	EMP0023	Theresa Campbell	IT	91ce447a-43ae-41d1-910a-67b60f59b4ec	5895.34	7/17/23	Jackson-Johnson	SVC002	6/12/24 15:37	Approved	FALSE
CLAIM000197	EMP0197	Hannah King MD	HR	54a032dd-7b4b-495e-9bc1-9b31c0eab1ad	4730.13	12/17/24	Jensen-Chapman	SVC004	7/21/23 23:35	Submitted	FALSE
CLAIM000137	EMP0137	Patricia Reyes	IT	cf499a69-3f91-4d8c-8c97-86ffd002823f	11590.16	7/3/24	Gregory, Blevins and Cooke	SVC003	12/19/23 2:40	Approved	FALSE
CLAIM000061	EMP0061	Pamela Cannon	IT	7edc6016-8f19-46fc-ac45-2ddcd4dcee36	2978.62	12/19/23	Green-Lopez	SVC002	3/29/25 11:36	Approved	FALSE
CLAIM000151	EMP0151	Tonya Zhang	IT	b932ffab-78bf-47ed-9d45-8f6d4b8a7958	6464.82	7/17/24	Lewis-Johnston	SVC004	5/29/25 6:31	Submitted	FALSE
CLAIM000265	EMP0265	Michelle White	IT	20804b92-6fbd-4bf9-a95f-6d17bd0b6080	971.62	3/6/25	Edwards-Cruz	SVC003	10/4/24 20:26	Paid	FALSE
CLAIM000324	EMP0324	Scott Ross	HR	606cddc0-ef19-4c32-aa16-59e9f6b8f93e	8526.92	3/10/25	Bryant, Page and Stanley	SVC004	5/12/25 11:56	Submitted	FALSE
CLAIM000561	EMP0561	Mark Flores	HR	8fc6514d-5a63-48be-983c-423d4afae7f0	18322.47	3/22/24	Cummings-Pena	SVC003	3/3/24 11:45	Approved	FALSE
CLAIM000296	EMP0296	Danny Moore	Marketing	f5ed5262-b4dd-417f-9839-eb909c08073f	18063.31	10/20/24	Jones, Shelton and Smith	SVC002	6/3/24 22:11	Paid	FALSE
CLAIM000277	EMP0277	Scott Mejia	IT	8818b91b-3000-4042-9672-5d1a073865e8	6479	10/24/23	Patrick Ltd	SVC002	3/26/24 20:22	Paid	FALSE
CLAIM000657	EMP0657	Sierra Smith	Marketing	afb6d35d-df57-4eb4-9871-a8b090b73c48	7854.93	8/11/23	Dominguez, Blankenship and Erickson	SVC001	7/22/24 5:58	Paid	FALSE
CLAIM000211	EMP0211	Shawn Barrera	HR	6d60d9fc-a5f0-4806-84d9-dc61af99ef48	6374.02	4/7/24	Valencia-Guerrero	SVC003	7/8/24 2:39	Paid	FALSE
CLAIM000066	EMP0066	Alex Cobb	Finance	2288faab-33a0-41f4-af1d-c608a68a57e5	15460.07	10/23/24	Wheeler, Howard and Henry	SVC004	1/8/25 22:25	Paid	FALSE
CLAIM000484	EMP0484	Lauren Ross	IT	89882d1d-d1cd-4f0b-8d67-c8465b4272cd	18734.51	11/19/24	Mendoza PLC	SVC002	4/20/25 14:38	Submitted	FALSE
CLAIM000191	EMP0191	Matthew Obrien	IT	2bcad389-c71a-48de-ad77-beefaf43f9ce	7524.9	9/27/23	Gomez-Lewis	SVC003	10/6/23 5:40	Paid	FALSE
CLAIM000266	EMP0266	Ashley Blankenship	Operations	a11c5a8b-9041-436e-89aa-fe5c5f99bcdc	7480.77	8/9/23	Coffey-Cole	SVC004	1/11/24 17:15	Approved	FALSE
CLAIM000438	EMP0438	Ronald Strickland	Finance	b70d1f1f-fb83-48de-b0f4-d9664dd7f3e0	7595.67	10/23/24	Fuentes Ltd	SVC003	1/10/24 23:46	Submitted	FALSE
CLAIM000043	EMP0043	Denise Mccoy	HR	faaece67-3c94-4ed3-8fe3-40db28874049	6007.55	1/8/24	Gutierrez PLC	SVC003	10/3/24 0:01	Paid	FALSE
CLAIM000288	EMP0288	Austin Elliott	IT	fce513c6-4e21-4e06-980b-f24116cc2cf0	19737.97	5/27/25	Stewart PLC	SVC003	11/13/24 16:24	Submitted	FALSE
CLAIM000625	EMP0625	Carl Clark	IT	4a5c85da-034c-4492-b325-a477888692ab	1884.36	5/3/24	Fuller, Berry and Garcia	SVC003	4/2/25 16:58	Approved	FALSE
CLAIM000448	EMP0448	Katherine Watts	Operations	d0a0fa15-1176-4d78-bc96-0e02748c8e6d	14056.39	7/26/23	Freeman Inc	SVC003	8/25/24 17:53	Paid	FALSE
CLAIM000663	EMP0663	Lisa Riley	Marketing	ac442a14-f4f6-4d8e-afaf-e1ec6ed05baf	15563.56	10/5/23	Coleman Group	SVC004	2/13/24 22:32	Submitted	FALSE
CLAIM000332	EMP0332	Morgan Lopez	Finance	65fb65fb-ff5f-4bd8-b486-a9b95e972167	508.08	6/28/23	Cervantes-Anderson	SVC002	7/6/23 15:01	Approved	FALSE
CLAIM000126	EMP0126	Nicholas Castillo	Operations	5a89eeee-b5a0-4327-94c5-a570e48daf00	13874.94	7/29/24	Johnson, Ramirez and Roberts	SVC003	9/15/24 9:41	Paid	FALSE
CLAIM000602	EMP0602	Heather Wells	Marketing	c63fa384-6567-461a-8b01-724c1923ee0b	15326.11	11/8/23	Adams, Manning and Mann	SVC003	10/15/24 12:36	Submitted	FALSE
CLAIM000347	EMP0347	Martin Miles	Finance	9aff2d91-7b4e-42df-994f-0327ccb7722c	11057.84	11/25/24	Jenkins Group	SVC001	7/31/24 4:54	Paid	FALSE
CLAIM000599	EMP0599	Christian Gray	Operations	eefbc7cb-be74-49ed-898e-14fc77fa89d0	16563.59	4/25/24	Mitchell Group	SVC002	5/16/25 18:23	Paid	FALSE
CLAIM000255	EMP0255	Stephen Townsend	Finance	4ade6ba6-6558-4f56-aaa8-f58e407937d7	963.87	8/16/24	Miller, Pope and Reid	SVC003	4/28/25 16:04	Paid	FALSE
CLAIM000001	EMP0001	Ronald Blanchard	IT	171919ef-4199-4039-9250-8f954a0c9825	13543.3	1/25/24	Nelson, Wu and Anderson	SVC003	10/29/23 10:24	Paid	FALSE
CLAIM000582	EMP0582	Sarah Johnson	Marketing	11b7507d-bc77-49a8-b2b9-815d2a10a3ec	9704.8	11/2/23	Hall, Lopez and Warren	SVC001	3/11/24 7:32	Submitted	FALSE
CLAIM000349	EMP0349	Allison Swanson	IT	03077f9f-d75b-4f18-83f2-f9e6f02a6a18	12302.31	4/4/25	Hines, Lynn and Rodriguez	SVC002	1/26/25 5:19	Submitted	FALSE
